record,activity,polarity,n_r,lag_median_ms,lag_iqr_ms,beats_missed_pct,beats_multi_pct
s1_walk,walk,raw_as_app,752,162.00000000000614,98.00000000001495,13.031914893617023,5.053191489361701
s1_walk,walk,inverted,752,364.00000000003274,24.00000000000091,1.9946808510638299,0.0
s1_run,run,raw_as_app,645,198.0000000000075,125.99999999997635,38.29457364341085,8.217054263565892
s1_run,run,inverted,645,387.9999999999768,77.99999999997453,33.02325581395349,0.31007751937984496
s1_sit,sit,raw_as_app,601,118.00000000000033,103.99999999997078,5.324459234608985,3.9933444259567388
s1_sit,sit,inverted,601,384.00000000001455,7.9999999999671445,0.0,0.0
s2_walk,walk,raw_as_app,1051,176.00000000004457,154.00000000001057,43.3872502378687,0.570884871550904
s2_walk,walk,inverted,1051,346.00000000000364,19.99999999999602,16.74595623215985,0.0
s2_run,run,raw_as_app,1125,173.9999999999995,109.99999999998522,30.4,0.0
s2_run,run,inverted,1125,338.0000000000223,58.000000000021146,33.86666666666667,0.0
s2_sit,sit,raw_as_app,970,213.99999999999864,8.000000000038199,10.309278350515463,0.0
s2_sit,sit,inverted,970,367.999999999995,8.000000000016882,0.0,0.0
s3_sit,sit,raw_as_app,593,96.00000000000364,82.50000000001023,6.070826306913997,5.227655986509275
s3_sit,sit,inverted,593,406.0000000000059,8.000000000038199,0.16863406408094433,0.0
s3_walk,walk,raw_as_app,689,153.99999999999636,96.00000000000364,4.499274310595065,0.29027576197387517
s3_walk,walk,inverted,689,390.0000000000148,9.999999999955378,0.0,0.0
s3_run,run,raw_as_app,676,189.99999999999773,81.99999999999187,12.57396449704142,0.4437869822485207
s3_run,run,inverted,676,394.00000000001967,14.000000000010004,0.14792899408284024,0.0
s4_sit,sit,raw_as_app,669,203.99999999999352,12.000000000000455,19.282511210762333,0.14947683109118087
s4_sit,sit,inverted,669,410.000000000025,33.99999999996339,13.75186846038864,0.0
s4_run,run,raw_as_app,724,197.99999999997908,21.99999999999136,23.204419889502763,1.2430939226519337
s4_run,run,inverted,724,394.00000000000546,42.0000000000158,18.370165745856355,0.0
s4_walk,walk,raw_as_app,723,203.99999999999352,55.99999999995475,32.2268326417704,1.5214384508990317
s4_walk,walk,inverted,723,410.000000000025,33.999999999991815,21.715076071922546,0.0
s5_walk,walk,raw_as_app,733,167.00000000004422,83.49999999995816,25.2387448840382,4.638472032742155
s5_walk,walk,inverted,733,372.0000000000141,23.9999999999867,3.2742155525238745,0.0
s5_run,run,raw_as_app,847,179.9999999999926,47.49999999998522,25.50177095631641,2.2432113341204247
s5_run,run,inverted,847,367.999999999995,17.99999999998647,11.688311688311687,0.0
s5_sit,sit,raw_as_app,626,156.0000000000059,62.00000000002248,1.2779552715654952,0.0
s5_sit,sit,inverted,626,396.000000000015,8.000000000038199,0.0,0.0
s6_run,run,raw_as_app,731,200.00000000001705,126.00000000000477,26.538987688098498,7.660738714090288
s6_run,run,inverted,731,408.00000000001546,19.99999999998181,2.3255813953488373,0.0
s6_sit,sit,raw_as_app,631,129.0000000000191,84.00000000001029,16.00633914421553,0.9508716323296356
s6_sit,sit,inverted,631,410.000000000025,8.000000000038199,0.0,0.0
s6_walk,walk,raw_as_app,708,231.99999999999932,453.50000000001074,37.994350282485875,7.203389830508475
s6_walk,walk,inverted,708,398.00000000002456,25.99999999999625,12.288135593220339,0.423728813559322
s7_walk,walk,raw_as_app,625,481.00000000001586,478.4999999999826,32.0,10.4
s7_walk,walk,inverted,625,334.0000000000032,38.00000000003581,10.879999999999999,0.8
s7_run,run,raw_as_app,674,155.9999999999917,72.00000000000273,10.385756676557865,2.0771513353115725
s7_run,run,inverted,674,362.0000000000072,11.999999999943611,0.0,0.0
s7_sit,sit,raw_as_app,534,139.99999999998636,831.9999999999936,29.40074906367041,11.423220973782772
s7_sit,sit,inverted,534,378.0000000000001,9.999999999990905,1.8726591760299627,0.0
s8_sit,sit,raw_as_app,684,168.00000000000637,97.49999999999659,25.292397660818715,5.116959064327485
s8_sit,sit,inverted,684,399.99999999997726,46.0000000000349,17.105263157894736,0.8771929824561403
s8_run,run,raw_as_app,710,379.99999999999545,78.00000000002427,34.50704225352113,0.7042253521126761
s8_run,run,inverted,710,200.00000000002416,433.9999999999761,41.971830985915496,7.746478873239436
s8_walk,walk,raw_as_app,699,384.00000000001455,52.99999999999375,33.33333333333333,0.14306151645207438
s8_walk,walk,inverted,699,201.99999999999818,332.99999999997,42.77539341917024,5.579399141630901
s9_walk,walk,raw_as_app,608,225.99999999998488,455.00000000001074,27.631578947368425,10.361842105263158
s9_walk,walk,inverted,608,404.00000000000347,93.99999999997277,18.25657894736842,3.289473684210526
s9_sit,sit,raw_as_app,548,223.99999999998954,611.9999999999734,26.277372262773724,12.226277372262775
s9_sit,sit,inverted,548,415.9999999999968,24.00000000000091,5.474452554744526,0.5474452554744526
s9_run,run,raw_as_app,658,230.0000000000182,421.99999999999704,29.027355623100306,17.62917933130699
s9_run,run,inverted,658,392.000000000003,138.99999999997624,18.085106382978726,3.4954407294832825
s10_run,run,raw_as_app,811,174.0000000000066,87.99999999996544,22.44143033292232,12.20715166461159
s10_run,run,inverted,811,355.99999999999454,25.999999999953616,1.6029593094944512,0.0
s10_walk,walk,raw_as_app,694,422.00000000002547,358.5000000000278,29.106628242074926,1.585014409221902
s10_walk,walk,inverted,694,324.0000000000123,33.999999999991815,14.985590778097983,1.0086455331412103
s10_sit,sit,raw_as_app,592,90.00000000003183,105.50000000000014,7.939189189189189,2.195945945945946
s10_sit,sit,inverted,592,394.00000000000546,15.999999999976922,0.16891891891891891,0.0
s11_sit,sit,raw_as_app,578,224.00000000001086,105.49999999999926,17.474048442906575,1.5570934256055362
s11_sit,sit,inverted,578,451.9999999999982,24.500000000017508,6.055363321799308,0.17301038062283738
s11_walk,walk,raw_as_app,663,448.0000000000075,314.9999999999693,45.09803921568628,3.3182503770739067
s11_walk,walk,inverted,663,315.9999999999741,242.0000000000062,45.85218702865762,3.0165912518853695
s11_run,run,raw_as_app,707,235.99999999999,409.9999999999752,35.92644978783593,4.9504950495049505
s11_run,run,inverted,707,366.00000000001387,90.00000000000341,29.985855728429982,0.8486562942008486
s12_walk,walk,raw_as_app,694,316.0000000000309,313.99999999999295,43.22766570605187,3.314121037463977
s12_walk,walk,inverted,694,334.0000000000032,332.9999999999771,39.19308357348703,4.755043227665706
s12_run,run,raw_as_app,711,218.00000000001774,103.50000000000392,42.19409282700422,0.8438818565400843
s12_run,run,inverted,711,396.000000000015,36.00000000000847,28.41068917018284,0.0
s12_sit,sit,raw_as_app,577,107.99999999999699,54.00000000003314,0.6932409012131715,0.17331022530329288
s12_sit,sit,inverted,577,406.0000000000059,8.000000000038199,0.0,0.0
s13_walk,walk,raw_as_app,670,361.0000000000113,376.9999999999953,53.28358208955224,0.44776119402985076
s13_walk,walk,inverted,670,350.0000000000085,239.9999999999984,48.35820895522388,3.134328358208955
s13_sit,sit,raw_as_app,591,185.99999999997863,18.000000000007788,3.0456852791878175,0.676818950930626
s13_sit,sit,inverted,591,402.00000000001523,20.000000000010232,0.5076142131979695,0.0
s13_run,run,raw_as_app,691,186.00000000003547,12.000000000014666,8.683068017366136,0.1447178002894356
s13_run,run,inverted,691,396.000000000015,24.00000000001512,4.775687409551375,0.0
s14_run,run,raw_as_app,572,165.00000000001336,134.49999999999562,26.223776223776223,15.034965034965033
s14_run,run,inverted,572,412.00000000003456,37.9999999999967,2.4475524475524475,0.17482517482517482
s14_walk,walk,raw_as_app,533,496.00000000003774,436.00000000003547,24.015009380863038,13.50844277673546
s14_walk,walk,inverted,533,386.0000000000241,397.0000000000091,33.20825515947467,4.127579737335835
s14_sit,sit,raw_as_app,435,192.00000000000372,1033.500000000025,25.057471264367813,13.793103448275861
s14_sit,sit,inverted,435,456.0000000000173,23.999999999990223,1.6091954022988506,0.0
s15_walk,walk,raw_as_app,805,210.00000000000796,40.00000000000625,39.37888198757764,0.2484472049689441
s15_walk,walk,inverted,805,390.00000000000057,36.00000000002268,33.54037267080746,0.6211180124223602
s15_sit,sit,raw_as_app,671,240.0000000000091,125.99999999999591,33.8301043219076,3.427719821162444
s15_sit,sit,inverted,671,437.99999999999886,61.9999999999834,30.998509687034275,0.8941877794336811
s15_run,run,raw_as_app,820,207.9999999999984,31.99999999992542,21.951219512195124,0.6097560975609756
s15_run,run,inverted,820,384.00000000000034,26.00000000001404,14.02439024390244,0.12195121951219512
s16_sit,sit,raw_as_app,512,877.9999999999859,50.00000000001137,16.2109375,7.6171875
s16_sit,sit,inverted,512,377.9999999999859,9.999999999990905,0.0,0.0
s16_run,run,raw_as_app,593,120.00000000000455,530.0000000000296,24.78920741989882,17.875210792580102
s16_run,run,inverted,593,373.9999999999952,15.999999999991132,0.16863406408094433,0.0
s16_walk,walk,raw_as_app,580,113.00000000000665,669.4999999999993,25.517241379310345,15.517241379310345
s16_walk,walk,inverted,580,364.0000000000043,15.999999999984027,0.3448275862068966,0.0
s17_run,run,raw_as_app,780,182.00000000001637,56.00000000004002,26.923076923076923,3.5897435897435894
s17_run,run,inverted,780,352.00000000000387,12.000000000000455,0.8974358974358974,0.0
s17_walk,walk,raw_as_app,735,193.9999999999742,28.00000000002356,2.9931972789115644,0.40816326530612246
s17_walk,walk,inverted,735,373.99999999999966,12.000000000000455,0.27210884353741494,0.0
s17_sit,sit,raw_as_app,609,257.99999999998846,509.0000000000075,32.18390804597701,12.97208538587849
s17_sit,sit,inverted,609,420.0000000000159,27.999999999991587,8.538587848932677,0.0
s18_run,run,raw_as_app,713,141.00000000001955,110.00000000001364,33.66058906030855,3.225806451612903
s18_run,run,inverted,713,356.00000000002296,12.00000000002268,0.7012622720897616,0.0
s18_walk,walk,raw_as_app,760,192.00000000000728,31.999999999982265,9.210526315789473,0.0
s18_walk,walk,inverted,760,371.9999999999999,15.999999999996476,0.6578947368421052,0.0
s18_sit,sit,raw_as_app,604,65.99999999997408,62.000000000040245,19.370860927152318,5.629139072847682
s18_sit,sit,inverted,604,385.99999999996726,8.000000000045304,0.0,0.0
s19_walk,walk,raw_as_app,758,370.00000000000455,328.00000000000296,41.68865435356201,3.2981530343007917
s19_walk,walk,inverted,758,302.0000000000209,225.99999999997067,46.04221635883905,1.8469656992084433
s19_sit,sit,raw_as_app,666,189.99999999998352,65.00000000000128,7.957957957957958,0.3003003003003003
s19_sit,sit,inverted,666,413.99999999998727,16.000000000019554,6.006006006006006,0.15015015015015015
s19_run,run,raw_as_app,804,205.99999999998886,75.9999999999934,38.80597014925373,0.7462686567164178
s19_run,run,inverted,804,391.9999999999959,116.00000000001387,39.55223880597015,0.3731343283582089
s20_run,run,raw_as_app,737,213.99999999999864,88.99999999997021,37.720488466757125,4.74898236092266
s20_run,run,inverted,737,403.99999999999636,29.00000000004968,17.91044776119403,0.27137042062415195
s20_walk,walk,raw_as_app,689,295.99999999999227,369.000000000014,36.139332365747464,8.563134978229318
s20_walk,walk,inverted,689,358.0000000000041,186.9999999999976,32.65602322206096,2.7576197387518144
s20_sit,sit,raw_as_app,634,175.99999999999483,101.99999999998965,12.77602523659306,0.9463722397476341
s20_sit,sit,inverted,634,411.9999999999777,13.999999999981583,0.9463722397476341,0.0
s21_walk,walk,raw_as_app,729,194.00000000001683,21.9999999999807,4.663923182441701,0.1371742112482853
s21_walk,walk,inverted,729,367.999999999995,10.000000000047748,0.0,0.0
s21_sit,sit,raw_as_app,620,66.00000000003092,169.00000000001114,9.193548387096774,8.38709677419355
s21_sit,sit,inverted,620,375.99999999997635,7.999999999995566,0.16129032258064516,0.0
s21_run,run,raw_as_app,730,195.99999999999795,15.99999999996271,3.5616438356164384,0.0
s21_run,run,inverted,730,368.00000000003763,12.000000000000455,0.136986301369863,0.0
s22_walk,walk,raw_as_app,765,168.00000000000637,26.00000000001046,9.542483660130719,0.130718954248366
s22_walk,walk,inverted,765,352.00000000000387,14.000000000001137,0.522875816993464,0.0
s22_run,run,raw_as_app,780,173.9999999999995,19.99999999999247,10.128205128205128,0.0
s22_run,run,inverted,780,362.0000000000232,14.000000000038426,1.0256410256410255,0.0
s22_sit,sit,raw_as_app,643,126.00000000001899,92.50000000002956,6.6874027993779155,0.46656298600311047
s22_sit,sit,inverted,643,378.0000000000143,12.000000000000455,0.0,0.0
