subject,record,activity,session,t0,baseline_window,score_ecg,level_ecg,score_v1_app,level_v1_app,score_v2,level_v2,score_v2_sqi,level_v2_sqi
1,s1_walk,walk,0,10.0,True,20.0,1.0,42.0,2.0,22.0,1.0,22.0,1.0
1,s1_walk,walk,0,70.0,False,41.0,2.0,10.0,1.0,58.0,3.0,58.0,3.0
1,s1_walk,walk,0,130.0,False,30.0,2.0,15.0,1.0,5.0,1.0,5.0,1.0
1,s1_walk,walk,0,190.0,False,25.0,1.0,0.0,1.0,35.0,2.0,35.0,2.0
1,s1_walk,walk,0,250.0,False,8.0,1.0,0.0,1.0,0.0,1.0,0.0,1.0
1,s1_walk,walk,0,310.0,False,20.0,1.0,5.0,1.0,13.0,1.0,13.0,1.0
1,s1_walk,walk,0,370.0,False,29.0,1.0,4.0,1.0,15.0,1.0,15.0,1.0
1,s1_walk,walk,0,430.0,False,15.0,1.0,22.0,1.0,19.0,1.0,19.0,1.0
1,s1_run,run,0,10.0,True,35.0,2.0,7.0,1.0,19.0,1.0,19.0,1.0
1,s1_run,run,0,70.0,False,13.0,1.0,12.0,1.0,49.0,2.0,49.0,2.0
1,s1_run,run,0,130.0,False,20.0,1.0,6.0,1.0,50.0,2.0,50.0,2.0
1,s1_run,run,0,190.0,False,17.0,1.0,4.0,1.0,50.0,2.0,50.0,2.0
1,s1_run,run,0,250.0,False,7.0,1.0,58.0,2.0,50.0,2.0,50.0,2.0
1,s1_run,run,0,310.0,False,24.0,1.0,60.0,2.0,50.0,2.0,50.0,2.0
1,s1_run,run,0,370.0,False,20.0,1.0,61.0,2.0,50.0,2.0,50.0,2.0
1,s1_run,run,0,430.0,False,,,,,,,,
1,s1_sit,sit,0,10.0,True,21.0,1.0,15.0,1.0,21.0,1.0,21.0,1.0
1,s1_sit,sit,0,70.0,False,6.0,1.0,0.0,1.0,11.0,1.0,11.0,1.0
1,s1_sit,sit,0,130.0,False,29.0,2.0,38.0,2.0,41.0,2.0,41.0,2.0
1,s1_sit,sit,0,190.0,False,4.0,1.0,0.0,1.0,15.0,1.0,15.0,1.0
1,s1_sit,sit,0,250.0,False,0.0,1.0,10.0,1.0,0.0,1.0,0.0,1.0
1,s1_sit,sit,0,310.0,False,6.0,1.0,9.0,1.0,12.0,1.0,12.0,1.0
1,s1_sit,sit,0,370.0,False,10.0,1.0,0.0,1.0,12.0,1.0,12.0,1.0
1,s1_sit,sit,0,430.0,False,3.0,1.0,5.0,1.0,4.0,1.0,4.0,1.0
2,s2_walk,walk,0,10.0,True,19.0,1.0,47.0,2.0,29.0,1.0,29.0,1.0
2,s2_walk,walk,0,70.0,False,25.0,1.0,27.0,1.0,45.0,2.0,45.0,2.0
2,s2_walk,walk,0,130.0,False,0.0,1.0,65.0,3.0,22.0,1.0,22.0,1.0
2,s2_walk,walk,0,190.0,False,0.0,1.0,100.0,3.0,28.0,1.0,28.0,1.0
2,s2_walk,walk,0,250.0,False,4.0,1.0,100.0,3.0,22.0,1.0,22.0,1.0
2,s2_walk,walk,0,310.0,False,23.0,1.0,100.0,3.0,53.0,2.0,53.0,2.0
2,s2_walk,walk,0,370.0,False,4.0,1.0,100.0,3.0,27.0,1.0,27.0,1.0
2,s2_walk,walk,0,430.0,False,4.0,1.0,100.0,3.0,27.0,1.0,27.0,1.0
2,s2_run,run,0,10.0,True,24.0,1.0,26.0,1.0,0.0,1.0,0.0,1.0
2,s2_run,run,0,70.0,False,12.0,1.0,28.0,2.0,20.0,1.0,20.0,1.0
2,s2_run,run,0,130.0,False,53.0,2.0,39.0,2.0,80.0,3.0,80.0,3.0
2,s2_run,run,0,190.0,False,50.0,2.0,67.0,3.0,47.0,2.0,47.0,2.0
2,s2_run,run,0,250.0,False,48.0,2.0,44.0,2.0,75.0,3.0,75.0,3.0
2,s2_run,run,0,310.0,False,55.0,2.0,7.0,1.0,69.0,3.0,69.0,3.0
2,s2_run,run,0,370.0,False,53.0,2.0,65.0,3.0,50.0,2.0,50.0,2.0
2,s2_run,run,0,430.0,False,55.0,2.0,73.0,3.0,88.0,3.0,88.0,3.0
2,s2_sit,sit,0,10.0,True,0.0,1.0,0.0,1.0,0.0,1.0,0.0,1.0
2,s2_sit,sit,0,70.0,False,1.0,1.0,15.0,1.0,0.0,1.0,0.0,1.0
2,s2_sit,sit,0,130.0,False,16.0,1.0,0.0,1.0,9.0,1.0,9.0,1.0
2,s2_sit,sit,0,190.0,False,0.0,1.0,1.0,1.0,0.0,1.0,0.0,1.0
2,s2_sit,sit,0,250.0,False,4.0,1.0,2.0,1.0,0.0,1.0,0.0,1.0
2,s2_sit,sit,0,310.0,False,0.0,1.0,11.0,1.0,0.0,1.0,0.0,1.0
2,s2_sit,sit,0,370.0,False,0.0,1.0,13.0,1.0,0.0,1.0,0.0,1.0
2,s2_sit,sit,0,430.0,False,0.0,1.0,16.0,1.0,1.0,1.0,1.0,1.0
3,s3_sit,sit,0,10.0,True,29.0,1.0,10.0,1.0,25.0,1.0,25.0,1.0
3,s3_sit,sit,0,70.0,False,49.0,2.0,44.0,2.0,45.0,2.0,45.0,2.0
3,s3_sit,sit,0,130.0,False,50.0,2.0,34.0,2.0,39.0,2.0,39.0,2.0
3,s3_sit,sit,0,190.0,False,63.0,3.0,20.0,1.0,62.0,3.0,62.0,3.0
3,s3_sit,sit,0,250.0,False,46.0,2.0,47.0,2.0,54.0,2.0,54.0,2.0
3,s3_sit,sit,0,310.0,False,74.0,3.0,32.0,2.0,62.0,3.0,62.0,3.0
3,s3_sit,sit,0,370.0,False,1.0,1.0,12.0,1.0,2.0,1.0,2.0,1.0
3,s3_sit,sit,0,430.0,False,8.0,1.0,21.0,1.0,3.0,1.0,3.0,1.0
3,s3_walk,walk,0,10.0,True,22.0,1.0,2.0,1.0,10.0,1.0,10.0,1.0
3,s3_walk,walk,0,70.0,False,25.0,1.0,0.0,1.0,20.0,1.0,20.0,1.0
3,s3_walk,walk,0,130.0,False,14.0,1.0,0.0,1.0,6.0,1.0,6.0,1.0
3,s3_walk,walk,0,190.0,False,20.0,1.0,0.0,1.0,20.0,1.0,20.0,1.0
3,s3_walk,walk,0,250.0,False,24.0,1.0,0.0,1.0,19.0,1.0,19.0,1.0
3,s3_walk,walk,0,310.0,False,0.0,1.0,8.0,1.0,2.0,1.0,2.0,1.0
3,s3_walk,walk,0,370.0,False,1.0,1.0,0.0,1.0,9.0,1.0,9.0,1.0
3,s3_walk,walk,0,430.0,False,11.0,1.0,17.0,1.0,6.0,1.0,6.0,1.0
3,s3_run,run,0,10.0,True,49.0,2.0,32.0,1.0,33.0,1.0,33.0,1.0
3,s3_run,run,0,70.0,False,46.0,2.0,23.0,1.0,28.0,1.0,28.0,1.0
3,s3_run,run,0,130.0,False,24.0,1.0,12.0,1.0,11.0,1.0,11.0,1.0
3,s3_run,run,0,190.0,False,34.0,2.0,11.0,1.0,13.0,1.0,13.0,1.0
3,s3_run,run,0,250.0,False,23.0,1.0,20.0,1.0,17.0,1.0,17.0,1.0
3,s3_run,run,0,310.0,False,3.0,1.0,0.0,1.0,4.0,1.0,4.0,1.0
3,s3_run,run,0,370.0,False,0.0,1.0,0.0,1.0,0.0,1.0,0.0,1.0
4,s4_sit,sit,0,10.0,True,15.0,1.0,21.0,1.0,20.0,1.0,20.0,1.0
4,s4_sit,sit,0,70.0,False,45.0,2.0,18.0,1.0,49.0,2.0,49.0,2.0
4,s4_sit,sit,0,130.0,False,71.0,3.0,67.0,3.0,50.0,2.0,50.0,2.0
4,s4_sit,sit,0,190.0,False,57.0,2.0,34.0,2.0,50.0,2.0,50.0,2.0
4,s4_sit,sit,0,250.0,False,50.0,2.0,49.0,2.0,50.0,2.0,50.0,2.0
4,s4_sit,sit,0,310.0,False,78.0,3.0,32.0,2.0,50.0,2.0,50.0,2.0
4,s4_sit,sit,0,370.0,False,14.0,1.0,1.0,1.0,23.0,1.0,23.0,1.0
4,s4_sit,sit,0,430.0,False,53.0,2.0,48.0,2.0,50.0,2.0,50.0,2.0
4,s4_run,run,0,10.0,True,37.0,2.0,30.0,1.0,20.0,1.0,20.0,1.0
4,s4_run,run,0,70.0,False,13.0,1.0,11.0,1.0,19.0,1.0,19.0,1.0
4,s4_run,run,0,130.0,False,4.0,1.0,2.0,1.0,7.0,1.0,7.0,1.0
4,s4_run,run,0,190.0,False,27.0,1.0,11.0,1.0,12.0,1.0,12.0,1.0
4,s4_run,run,0,250.0,False,26.0,1.0,25.0,1.0,12.0,1.0,12.0,1.0
4,s4_run,run,0,310.0,False,13.0,1.0,10.0,1.0,13.0,1.0,13.0,1.0
4,s4_run,run,0,370.0,False,62.0,2.0,34.0,1.0,34.0,1.0,34.0,1.0
4,s4_run,run,0,430.0,False,26.0,2.0,0.0,1.0,23.0,1.0,23.0,1.0
4,s4_walk,walk,0,10.0,True,38.0,2.0,21.0,1.0,30.0,1.0,30.0,1.0
4,s4_walk,walk,0,70.0,False,28.0,2.0,39.0,2.0,14.0,1.0,14.0,1.0
4,s4_walk,walk,0,130.0,False,20.0,1.0,22.0,1.0,11.0,1.0,11.0,1.0
4,s4_walk,walk,0,190.0,False,48.0,2.0,5.0,1.0,0.0,1.0,0.0,1.0
4,s4_walk,walk,0,250.0,False,18.0,1.0,0.0,1.0,2.0,1.0,2.0,1.0
4,s4_walk,walk,0,310.0,False,30.0,1.0,12.0,1.0,7.0,1.0,7.0,1.0
4,s4_walk,walk,0,370.0,False,18.0,1.0,9.0,1.0,0.0,1.0,0.0,1.0
4,s4_walk,walk,0,430.0,False,25.0,2.0,0.0,1.0,54.0,2.0,54.0,2.0
5,s5_walk,walk,0,10.0,True,0.0,1.0,10.0,1.0,2.0,1.0,2.0,1.0
5,s5_walk,walk,0,70.0,False,0.0,1.0,20.0,1.0,0.0,1.0,0.0,1.0
5,s5_walk,walk,0,130.0,False,0.0,1.0,14.0,1.0,0.0,1.0,0.0,1.0
5,s5_walk,walk,0,190.0,False,0.0,1.0,9.0,1.0,0.0,1.0,0.0,1.0
5,s5_walk,walk,0,250.0,False,4.0,1.0,46.0,2.0,22.0,1.0,22.0,1.0
5,s5_walk,walk,0,310.0,False,0.0,1.0,20.0,1.0,2.0,1.0,2.0,1.0
5,s5_walk,walk,0,370.0,False,0.0,1.0,26.0,1.0,0.0,1.0,0.0,1.0
5,s5_walk,walk,0,430.0,False,0.0,1.0,20.0,1.0,0.0,1.0,0.0,1.0
5,s5_run,run,0,10.0,True,1.0,1.0,38.0,2.0,1.0,1.0,1.0,1.0
5,s5_run,run,0,70.0,False,20.0,1.0,17.0,1.0,15.0,1.0,15.0,1.0
5,s5_run,run,0,130.0,False,0.0,1.0,18.0,1.0,0.0,1.0,0.0,1.0
5,s5_run,run,0,190.0,False,0.0,1.0,8.0,1.0,0.0,1.0,0.0,1.0
5,s5_run,run,0,250.0,False,0.0,1.0,8.0,1.0,0.0,1.0,0.0,1.0
5,s5_run,run,0,310.0,False,6.0,1.0,13.0,1.0,2.0,1.0,2.0,1.0
5,s5_run,run,0,370.0,False,20.0,1.0,17.0,1.0,3.0,1.0,3.0,1.0
5,s5_run,run,0,430.0,False,30.0,1.0,4.0,1.0,0.0,1.0,0.0,1.0
5,s5_run,run,0,490.0,False,13.0,1.0,1.0,1.0,0.0,1.0,0.0,1.0
5,s5_sit,sit,0,10.0,True,10.0,1.0,8.0,1.0,9.0,1.0,9.0,1.0
5,s5_sit,sit,0,70.0,False,13.0,1.0,1.0,1.0,1.0,1.0,1.0,1.0
5,s5_sit,sit,0,130.0,False,0.0,1.0,0.0,1.0,0.0,1.0,0.0,1.0
5,s5_sit,sit,0,190.0,False,8.0,1.0,12.0,1.0,8.0,1.0,8.0,1.0
5,s5_sit,sit,0,250.0,False,54.0,2.0,39.0,2.0,40.0,2.0,40.0,2.0
5,s5_sit,sit,0,310.0,False,27.0,1.0,26.0,1.0,29.0,1.0,29.0,1.0
5,s5_sit,sit,0,370.0,False,44.0,2.0,81.0,3.0,42.0,2.0,42.0,2.0
5,s5_sit,sit,0,430.0,False,19.0,1.0,13.0,1.0,23.0,1.0,23.0,1.0
6,s6_run,run,0,10.0,True,25.0,1.0,13.0,1.0,26.0,1.0,26.0,1.0
6,s6_run,run,0,70.0,False,8.0,1.0,11.0,1.0,6.0,1.0,6.0,1.0
6,s6_run,run,0,130.0,False,0.0,1.0,10.0,1.0,1.0,1.0,1.0,1.0
6,s6_run,run,0,190.0,False,0.0,1.0,7.0,1.0,24.0,1.0,24.0,1.0
6,s6_run,run,0,250.0,False,0.0,1.0,13.0,1.0,24.0,1.0,24.0,1.0
6,s6_run,run,0,310.0,False,0.0,1.0,21.0,1.0,31.0,1.0,31.0,1.0
6,s6_run,run,0,370.0,False,0.0,1.0,14.0,1.0,28.0,2.0,28.0,2.0
6,s6_run,run,0,430.0,False,0.0,1.0,27.0,1.0,33.0,2.0,33.0,2.0
6,s6_sit,sit,0,10.0,True,24.0,1.0,29.0,1.0,16.0,1.0,16.0,1.0
6,s6_sit,sit,0,70.0,False,5.0,1.0,22.0,1.0,29.0,1.0,29.0,1.0
6,s6_sit,sit,0,130.0,False,12.0,1.0,17.0,1.0,21.0,1.0,21.0,1.0
6,s6_sit,sit,0,190.0,False,49.0,2.0,48.0,2.0,59.0,2.0,59.0,2.0
6,s6_sit,sit,0,250.0,False,14.0,1.0,17.0,1.0,38.0,2.0,38.0,2.0
6,s6_sit,sit,0,310.0,False,30.0,1.0,17.0,1.0,43.0,2.0,43.0,2.0
6,s6_sit,sit,0,370.0,False,51.0,2.0,36.0,2.0,57.0,3.0,57.0,3.0
6,s6_sit,sit,0,430.0,False,36.0,2.0,22.0,1.0,49.0,2.0,49.0,2.0
6,s6_walk,walk,0,10.0,True,31.0,1.0,29.0,1.0,26.0,1.0,26.0,1.0
6,s6_walk,walk,0,70.0,False,5.0,1.0,58.0,2.0,46.0,2.0,46.0,2.0
6,s6_walk,walk,0,130.0,False,40.0,2.0,71.0,3.0,38.0,2.0,38.0,2.0
6,s6_walk,walk,0,190.0,False,36.0,2.0,77.0,3.0,44.0,2.0,44.0,2.0
6,s6_walk,walk,0,250.0,False,23.0,1.0,59.0,3.0,16.0,1.0,16.0,1.0
6,s6_walk,walk,0,310.0,False,66.0,3.0,100.0,3.0,43.0,2.0,43.0,2.0
6,s6_walk,walk,0,370.0,False,51.0,2.0,57.0,3.0,30.0,2.0,30.0,2.0
6,s6_walk,walk,0,430.0,False,23.0,1.0,65.0,3.0,34.0,2.0,34.0,2.0
7,s7_walk,walk,0,10.0,True,8.0,1.0,15.0,1.0,12.0,1.0,12.0,1.0
7,s7_walk,walk,0,70.0,False,0.0,1.0,15.0,1.0,38.0,2.0,38.0,2.0
7,s7_walk,walk,0,130.0,False,0.0,1.0,71.0,3.0,50.0,2.0,50.0,2.0
7,s7_walk,walk,0,190.0,False,0.0,1.0,84.0,3.0,50.0,2.0,50.0,2.0
7,s7_walk,walk,0,250.0,False,0.0,1.0,87.0,3.0,50.0,2.0,50.0,2.0
7,s7_walk,walk,0,310.0,False,0.0,1.0,86.0,3.0,22.0,1.0,22.0,1.0
7,s7_walk,walk,0,370.0,False,0.0,1.0,80.0,3.0,27.0,1.0,27.0,1.0
7,s7_walk,walk,0,430.0,False,0.0,1.0,77.0,3.0,50.0,2.0,50.0,2.0
7,s7_run,run,0,10.0,True,21.0,1.0,19.0,1.0,11.0,1.0,11.0,1.0
7,s7_run,run,0,70.0,False,4.0,1.0,6.0,1.0,4.0,1.0,4.0,1.0
7,s7_run,run,0,130.0,False,0.0,1.0,0.0,1.0,0.0,1.0,0.0,1.0
7,s7_run,run,0,190.0,False,0.0,1.0,2.0,1.0,0.0,1.0,0.0,1.0
7,s7_run,run,0,250.0,False,0.0,1.0,0.0,1.0,0.0,1.0,0.0,1.0
7,s7_run,run,0,310.0,False,0.0,1.0,0.0,1.0,0.0,1.0,0.0,1.0
7,s7_run,run,0,370.0,False,0.0,1.0,14.0,1.0,0.0,1.0,0.0,1.0
7,s7_run,run,0,430.0,False,0.0,1.0,0.0,1.0,0.0,1.0,0.0,1.0
7,s7_sit,sit,0,10.0,True,20.0,1.0,19.0,1.0,20.0,1.0,20.0,1.0
7,s7_sit,sit,0,70.0,False,6.0,1.0,20.0,1.0,7.0,1.0,7.0,1.0
7,s7_sit,sit,0,130.0,False,40.0,2.0,57.0,2.0,38.0,2.0,38.0,2.0
7,s7_sit,sit,0,190.0,False,26.0,2.0,50.0,2.0,26.0,2.0,26.0,2.0
7,s7_sit,sit,0,250.0,False,35.0,2.0,50.0,2.0,36.0,2.0,36.0,2.0
7,s7_sit,sit,0,310.0,False,8.0,1.0,25.0,2.0,9.0,1.0,9.0,1.0
7,s7_sit,sit,0,370.0,False,0.0,1.0,11.0,1.0,0.0,1.0,0.0,1.0
7,s7_sit,sit,0,430.0,False,49.0,2.0,50.0,2.0,49.0,2.0,49.0,2.0
8,s8_sit,sit,0,10.0,True,22.0,1.0,2.0,1.0,0.0,1.0,0.0,1.0
8,s8_sit,sit,0,70.0,False,63.0,2.0,25.0,1.0,23.0,1.0,23.0,1.0
8,s8_sit,sit,0,130.0,False,42.0,2.0,0.0,1.0,32.0,1.0,32.0,1.0
8,s8_sit,sit,0,190.0,False,21.0,1.0,11.0,1.0,50.0,2.0,50.0,2.0
8,s8_sit,sit,0,250.0,False,89.0,3.0,50.0,2.0,0.0,1.0,0.0,1.0
8,s8_sit,sit,0,310.0,False,0.0,1.0,2.0,1.0,0.0,1.0,0.0,1.0
8,s8_sit,sit,0,370.0,False,7.0,1.0,51.0,2.0,1.0,1.0,1.0,1.0
8,s8_run,run,0,10.0,True,0.0,1.0,35.0,2.0,23.0,1.0,23.0,1.0
8,s8_run,run,0,70.0,False,23.0,1.0,0.0,1.0,0.0,1.0,0.0,1.0
8,s8_run,run,0,130.0,False,0.0,1.0,3.0,1.0,7.0,1.0,7.0,1.0
8,s8_run,run,0,190.0,False,0.0,1.0,14.0,1.0,0.0,1.0,0.0,1.0
8,s8_run,run,0,250.0,False,54.0,2.0,50.0,2.0,3.0,1.0,0.0,1.0
8,s8_run,run,0,310.0,False,0.0,1.0,0.0,1.0,4.0,1.0,4.0,1.0
8,s8_run,run,0,370.0,False,19.0,1.0,0.0,1.0,0.0,1.0,0.0,1.0
8,s8_walk,walk,0,10.0,True,13.0,1.0,21.0,1.0,35.0,2.0,35.0,2.0
8,s8_walk,walk,0,70.0,False,0.0,1.0,37.0,2.0,27.0,2.0,27.0,2.0
8,s8_walk,walk,0,130.0,False,12.0,1.0,12.0,1.0,31.0,2.0,31.0,2.0
8,s8_walk,walk,0,190.0,False,35.0,2.0,55.0,2.0,35.0,2.0,35.0,2.0
8,s8_walk,walk,0,250.0,False,44.0,2.0,42.0,2.0,37.0,2.0,37.0,2.0
8,s8_walk,walk,0,310.0,False,8.0,1.0,33.0,2.0,80.0,3.0,80.0,3.0
8,s8_walk,walk,0,370.0,False,62.0,2.0,71.0,3.0,78.0,3.0,78.0,3.0
9,s9_walk,walk,0,10.0,True,34.0,2.0,34.0,1.0,27.0,1.0,27.0,1.0
9,s9_walk,walk,0,70.0,False,1.0,1.0,49.0,2.0,80.0,3.0,80.0,3.0
9,s9_walk,walk,0,130.0,False,23.0,1.0,84.0,3.0,88.0,3.0,88.0,3.0
9,s9_walk,walk,0,190.0,False,0.0,1.0,19.0,1.0,89.0,3.0,89.0,3.0
9,s9_walk,walk,0,250.0,False,0.0,1.0,8.0,1.0,86.0,3.0,86.0,3.0
9,s9_walk,walk,0,310.0,False,0.0,1.0,18.0,1.0,79.0,3.0,79.0,3.0
9,s9_walk,walk,0,370.0,False,0.0,1.0,21.0,1.0,76.0,3.0,76.0,3.0
9,s9_sit,sit,0,10.0,True,24.0,1.0,22.0,1.0,23.0,1.0,23.0,1.0
9,s9_sit,sit,0,70.0,False,82.0,3.0,50.0,2.0,50.0,2.0,50.0,2.0
9,s9_sit,sit,0,130.0,False,45.0,2.0,50.0,2.0,47.0,2.0,47.0,2.0
9,s9_sit,sit,0,190.0,False,99.0,3.0,50.0,2.0,50.0,2.0,50.0,2.0
9,s9_sit,sit,0,250.0,False,98.0,3.0,50.0,2.0,50.0,2.0,50.0,2.0
9,s9_sit,sit,0,310.0,False,89.0,3.0,70.0,3.0,49.0,2.0,49.0,2.0
9,s9_sit,sit,0,370.0,False,98.0,3.0,88.0,3.0,50.0,2.0,50.0,2.0
9,s9_run,run,0,10.0,True,11.0,1.0,17.0,1.0,11.0,1.0,11.0,1.0
9,s9_run,run,0,70.0,False,0.0,1.0,86.0,3.0,7.0,1.0,7.0,1.0
9,s9_run,run,0,130.0,False,0.0,1.0,39.0,2.0,8.0,1.0,8.0,1.0
9,s9_run,run,0,190.0,False,8.0,1.0,43.0,2.0,12.0,1.0,12.0,1.0
9,s9_run,run,0,250.0,False,0.0,1.0,47.0,2.0,16.0,1.0,16.0,1.0
9,s9_run,run,0,310.0,False,0.0,1.0,39.0,2.0,0.0,1.0,0.0,1.0
9,s9_run,run,0,370.0,False,0.0,1.0,30.0,2.0,8.0,1.0,8.0,1.0
10,s10_run,run,0,10.0,True,9.0,1.0,18.0,1.0,2.0,1.0,2.0,1.0
10,s10_run,run,0,70.0,False,5.0,1.0,48.0,2.0,3.0,1.0,3.0,1.0
10,s10_run,run,0,130.0,False,22.0,1.0,37.0,2.0,32.0,2.0,32.0,2.0
10,s10_run,run,0,190.0,False,8.0,1.0,66.0,3.0,3.0,1.0,3.0,1.0
10,s10_run,run,0,250.0,False,0.0,1.0,92.0,3.0,0.0,1.0,0.0,1.0
10,s10_run,run,0,310.0,False,0.0,1.0,93.0,3.0,0.0,1.0,0.0,1.0
10,s10_run,run,0,370.0,False,22.0,1.0,95.0,3.0,13.0,1.0,13.0,1.0
10,s10_walk,walk,0,10.0,True,13.0,1.0,13.0,1.0,14.0,1.0,14.0,1.0
10,s10_walk,walk,0,70.0,False,54.0,2.0,26.0,1.0,43.0,2.0,43.0,2.0
10,s10_walk,walk,0,130.0,False,0.0,1.0,0.0,1.0,6.0,1.0,6.0,1.0
10,s10_walk,walk,0,190.0,False,24.0,1.0,0.0,1.0,0.0,1.0,0.0,1.0
10,s10_walk,walk,0,250.0,False,0.0,1.0,0.0,1.0,12.0,1.0,12.0,1.0
10,s10_walk,walk,0,310.0,False,0.0,1.0,0.0,1.0,25.0,2.0,25.0,2.0
10,s10_walk,walk,0,370.0,False,0.0,1.0,0.0,1.0,0.0,1.0,0.0,1.0
10,s10_sit,sit,0,10.0,True,50.0,2.0,50.0,2.0,48.0,2.0,48.0,2.0
10,s10_sit,sit,0,70.0,False,0.0,1.0,0.0,1.0,2.0,1.0,2.0,1.0
10,s10_sit,sit,0,130.0,False,1.0,1.0,0.0,1.0,7.0,1.0,7.0,1.0
10,s10_sit,sit,0,190.0,False,0.0,1.0,0.0,1.0,0.0,1.0,0.0,1.0
10,s10_sit,sit,0,250.0,False,0.0,1.0,0.0,1.0,0.0,1.0,0.0,1.0
10,s10_sit,sit,0,310.0,False,0.0,1.0,45.0,2.0,0.0,1.0,0.0,1.0
10,s10_sit,sit,0,370.0,False,4.0,1.0,0.0,1.0,5.0,1.0,5.0,1.0
11,s11_sit,sit,0,10.0,True,9.0,1.0,22.0,1.0,12.0,1.0,12.0,1.0
11,s11_sit,sit,0,70.0,False,68.0,3.0,12.0,1.0,67.0,3.0,67.0,3.0
11,s11_sit,sit,0,130.0,False,26.0,1.0,16.0,1.0,50.0,2.0,50.0,2.0
11,s11_sit,sit,0,190.0,False,50.0,2.0,43.0,2.0,50.0,2.0,50.0,2.0
11,s11_sit,sit,0,250.0,False,8.0,1.0,43.0,2.0,61.0,3.0,61.0,3.0
11,s11_sit,sit,0,310.0,False,88.0,3.0,68.0,3.0,80.0,3.0,80.0,3.0
11,s11_sit,sit,0,370.0,False,50.0,2.0,61.0,3.0,77.0,3.0,77.0,3.0
11,s11_walk,walk,0,10.0,True,20.0,1.0,16.0,1.0,0.0,1.0,0.0,1.0
11,s11_walk,walk,0,70.0,False,18.0,1.0,7.0,1.0,23.0,1.0,23.0,1.0
11,s11_walk,walk,0,130.0,False,49.0,2.0,51.0,2.0,30.0,2.0,30.0,2.0
11,s11_walk,walk,0,190.0,False,38.0,2.0,55.0,2.0,45.0,2.0,45.0,2.0
11,s11_walk,walk,0,250.0,False,52.0,2.0,59.0,2.0,50.0,2.0,50.0,2.0
11,s11_walk,walk,0,310.0,False,48.0,2.0,67.0,3.0,50.0,2.0,50.0,2.0
11,s11_walk,walk,0,370.0,False,46.0,2.0,73.0,3.0,75.0,3.0,75.0,3.0
11,s11_run,run,0,10.0,True,30.0,1.0,20.0,1.0,10.0,1.0,10.0,1.0
11,s11_run,run,0,70.0,False,8.0,1.0,4.0,1.0,45.0,2.0,45.0,2.0
11,s11_run,run,0,130.0,False,11.0,1.0,0.0,1.0,51.0,2.0,51.0,2.0
11,s11_run,run,0,190.0,False,0.0,1.0,6.0,1.0,25.0,2.0,25.0,2.0
11,s11_run,run,0,250.0,False,7.0,1.0,50.0,2.0,7.0,1.0,7.0,1.0
11,s11_run,run,0,310.0,False,18.0,1.0,60.0,2.0,24.0,1.0,24.0,1.0
11,s11_run,run,0,370.0,False,21.0,1.0,58.0,2.0,44.0,2.0,44.0,2.0
11,s11_run,run,0,430.0,False,2.0,1.0,43.0,2.0,39.0,2.0,39.0,2.0
12,s12_walk,walk,0,10.0,True,0.0,1.0,21.0,1.0,19.0,1.0,19.0,1.0
12,s12_walk,walk,0,70.0,False,7.0,1.0,68.0,3.0,4.0,1.0,4.0,1.0
12,s12_walk,walk,0,130.0,False,11.0,1.0,80.0,3.0,50.0,2.0,50.0,2.0
12,s12_walk,walk,0,190.0,False,0.0,1.0,92.0,3.0,34.0,1.0,34.0,1.0
12,s12_walk,walk,0,250.0,False,26.0,1.0,50.0,2.0,50.0,2.0,50.0,2.0
12,s12_walk,walk,0,310.0,False,4.0,1.0,32.0,2.0,50.0,2.0,50.0,2.0
12,s12_walk,walk,0,370.0,False,2.0,1.0,29.0,1.0,10.0,1.0,10.0,1.0
12,s12_run,run,0,10.0,True,31.0,1.0,17.0,1.0,21.0,1.0,21.0,1.0
12,s12_run,run,0,70.0,False,2.0,1.0,26.0,2.0,20.0,1.0,20.0,1.0
12,s12_run,run,0,130.0,False,22.0,1.0,29.0,2.0,9.0,1.0,9.0,1.0
12,s12_run,run,0,190.0,False,49.0,2.0,70.0,3.0,0.0,1.0,0.0,1.0
12,s12_run,run,0,250.0,False,19.0,1.0,24.0,1.0,0.0,1.0,0.0,1.0
12,s12_run,run,0,310.0,False,9.0,1.0,32.0,2.0,0.0,1.0,0.0,1.0
12,s12_run,run,0,370.0,False,27.0,1.0,20.0,1.0,81.0,3.0,81.0,3.0
12,s12_sit,sit,0,10.0,True,9.0,1.0,0.0,1.0,20.0,1.0,20.0,1.0
12,s12_sit,sit,0,70.0,False,9.0,1.0,28.0,1.0,26.0,1.0,26.0,1.0
12,s12_sit,sit,0,130.0,False,18.0,1.0,56.0,2.0,35.0,2.0,35.0,2.0
12,s12_sit,sit,0,190.0,False,6.0,1.0,29.0,2.0,31.0,2.0,31.0,2.0
12,s12_sit,sit,0,250.0,False,7.0,1.0,0.0,1.0,22.0,1.0,22.0,1.0
12,s12_sit,sit,0,310.0,False,12.0,1.0,26.0,1.0,26.0,2.0,26.0,2.0
12,s12_sit,sit,0,370.0,False,44.0,2.0,64.0,3.0,56.0,2.0,56.0,2.0
13,s13_walk,walk,0,10.0,True,32.0,1.0,0.0,1.0,22.0,1.0,22.0,1.0
13,s13_walk,walk,0,70.0,False,23.0,1.0,0.0,1.0,47.0,2.0,47.0,2.0
13,s13_walk,walk,0,130.0,False,26.0,1.0,11.0,1.0,17.0,1.0,17.0,1.0
13,s13_walk,walk,0,190.0,False,47.0,2.0,15.0,1.0,19.0,1.0,19.0,1.0
13,s13_walk,walk,0,250.0,False,0.0,1.0,31.0,1.0,31.0,2.0,31.0,2.0
13,s13_walk,walk,0,310.0,False,0.0,1.0,31.0,1.0,78.0,3.0,78.0,3.0
13,s13_walk,walk,0,370.0,False,0.0,1.0,38.0,2.0,89.0,3.0,89.0,3.0
13,s13_sit,sit,0,10.0,True,2.0,1.0,9.0,1.0,2.0,1.0,2.0,1.0
13,s13_sit,sit,0,70.0,False,50.0,2.0,48.0,2.0,50.0,2.0,50.0,2.0
13,s13_sit,sit,0,130.0,False,41.0,2.0,12.0,1.0,43.0,2.0,43.0,2.0
13,s13_sit,sit,0,190.0,False,60.0,2.0,50.0,2.0,67.0,3.0,67.0,3.0
13,s13_sit,sit,0,250.0,False,68.0,3.0,37.0,2.0,85.0,3.0,85.0,3.0
13,s13_sit,sit,0,310.0,False,51.0,2.0,22.0,1.0,62.0,3.0,62.0,3.0
13,s13_sit,sit,0,370.0,False,82.0,3.0,50.0,2.0,55.0,2.0,55.0,2.0
13,s13_run,run,0,10.0,True,0.0,1.0,0.0,1.0,0.0,1.0,0.0,1.0
13,s13_run,run,0,70.0,False,43.0,2.0,35.0,2.0,39.0,2.0,39.0,2.0
13,s13_run,run,0,130.0,False,25.0,1.0,22.0,1.0,27.0,1.0,27.0,1.0
13,s13_run,run,0,190.0,False,54.0,2.0,43.0,2.0,43.0,2.0,43.0,2.0
13,s13_run,run,0,250.0,False,23.0,1.0,32.0,2.0,28.0,1.0,28.0,1.0
13,s13_run,run,0,310.0,False,20.0,1.0,10.0,1.0,14.0,1.0,14.0,1.0
13,s13_run,run,0,370.0,False,30.0,2.0,31.0,1.0,28.0,1.0,28.0,1.0
14,s14_run,run,0,10.0,True,32.0,1.0,29.0,1.0,18.0,1.0,18.0,1.0
14,s14_run,run,0,70.0,False,29.0,2.0,73.0,3.0,36.0,2.0,36.0,2.0
14,s14_run,run,0,130.0,False,1.0,1.0,58.0,3.0,1.0,1.0,1.0,1.0
14,s14_run,run,0,190.0,False,0.0,1.0,21.0,1.0,1.0,1.0,1.0,1.0
14,s14_run,run,0,250.0,False,23.0,1.0,10.0,1.0,26.0,1.0,26.0,1.0
14,s14_run,run,0,310.0,False,28.0,2.0,10.0,1.0,17.0,1.0,17.0,1.0
14,s14_run,run,0,370.0,False,37.0,2.0,50.0,2.0,27.0,1.0,27.0,1.0
14,s14_walk,walk,0,10.0,True,26.0,1.0,0.0,1.0,0.0,1.0,0.0,1.0
14,s14_walk,walk,0,70.0,False,17.0,1.0,100.0,3.0,1.0,1.0,1.0,1.0
14,s14_walk,walk,0,130.0,False,0.0,1.0,100.0,3.0,0.0,1.0,0.0,1.0
14,s14_walk,walk,0,190.0,False,3.0,1.0,100.0,3.0,0.0,1.0,0.0,1.0
14,s14_walk,walk,0,250.0,False,17.0,1.0,100.0,3.0,0.0,1.0,0.0,1.0
14,s14_walk,walk,0,310.0,False,19.0,1.0,100.0,3.0,0.0,1.0,0.0,1.0
14,s14_walk,walk,0,370.0,False,32.0,2.0,100.0,3.0,0.0,1.0,0.0,1.0
14,s14_sit,sit,0,10.0,True,6.0,1.0,0.0,1.0,5.0,1.0,5.0,1.0
14,s14_sit,sit,0,70.0,False,13.0,1.0,9.0,1.0,51.0,2.0,51.0,2.0
14,s14_sit,sit,0,130.0,False,2.0,1.0,29.0,1.0,50.0,2.0,50.0,2.0
14,s14_sit,sit,0,190.0,False,9.0,1.0,29.0,1.0,50.0,2.0,50.0,2.0
14,s14_sit,sit,0,250.0,False,20.0,1.0,50.0,2.0,23.0,1.0,23.0,1.0
14,s14_sit,sit,0,310.0,False,0.0,1.0,12.0,1.0,35.0,2.0,35.0,2.0
14,s14_sit,sit,0,370.0,False,5.0,1.0,9.0,1.0,20.0,1.0,20.0,1.0
14,s14_sit,sit,0,430.0,False,25.0,1.0,25.0,1.0,50.0,2.0,50.0,2.0
15,s15_walk,walk,0,10.0,True,0.0,1.0,0.0,1.0,17.0,1.0,17.0,1.0
15,s15_walk,walk,0,70.0,False,0.0,1.0,0.0,1.0,12.0,1.0,12.0,1.0
15,s15_walk,walk,0,130.0,False,0.0,1.0,0.0,1.0,10.0,1.0,10.0,1.0
15,s15_walk,walk,0,190.0,False,0.0,1.0,0.0,1.0,10.0,1.0,10.0,1.0
15,s15_walk,walk,0,250.0,False,8.0,1.0,35.0,2.0,55.0,2.0,55.0,2.0
15,s15_walk,walk,0,310.0,False,2.0,1.0,0.0,1.0,54.0,2.0,54.0,2.0
15,s15_walk,walk,0,370.0,False,0.0,1.0,0.0,1.0,5.0,1.0,5.0,1.0
15,s15_sit,sit,0,10.0,True,22.0,1.0,19.0,1.0,46.0,2.0,46.0,2.0
15,s15_sit,sit,0,70.0,False,74.0,3.0,85.0,3.0,100.0,3.0,100.0,3.0
15,s15_sit,sit,0,130.0,False,19.0,1.0,82.0,3.0,100.0,3.0,100.0,3.0
15,s15_sit,sit,0,190.0,False,0.0,1.0,39.0,2.0,100.0,3.0,100.0,3.0
15,s15_sit,sit,0,250.0,False,3.0,1.0,10.0,1.0,100.0,3.0,100.0,3.0
15,s15_sit,sit,0,310.0,False,6.0,1.0,6.0,1.0,100.0,3.0,100.0,3.0
15,s15_sit,sit,0,370.0,False,7.0,1.0,48.0,2.0,100.0,3.0,100.0,3.0
15,s15_run,run,0,10.0,True,0.0,1.0,17.0,1.0,0.0,1.0,0.0,1.0
15,s15_run,run,0,70.0,False,0.0,1.0,7.0,1.0,0.0,1.0,0.0,1.0
15,s15_run,run,0,130.0,False,4.0,1.0,0.0,1.0,28.0,1.0,28.0,1.0
15,s15_run,run,0,190.0,False,0.0,1.0,0.0,1.0,0.0,1.0,0.0,1.0
15,s15_run,run,0,250.0,False,4.0,1.0,0.0,1.0,1.0,1.0,1.0,1.0
15,s15_run,run,0,310.0,False,0.0,1.0,0.0,1.0,0.0,1.0,0.0,1.0
15,s15_run,run,0,370.0,False,0.0,1.0,0.0,1.0,0.0,1.0,0.0,1.0
15,s15_run,run,0,430.0,False,3.0,1.0,16.0,1.0,5.0,1.0,5.0,1.0
16,s16_sit,sit,0,10.0,True,0.0,1.0,0.0,1.0,2.0,1.0,2.0,1.0
16,s16_sit,sit,0,70.0,False,7.0,1.0,13.0,1.0,6.0,1.0,6.0,1.0
16,s16_sit,sit,0,130.0,False,24.0,1.0,1.0,1.0,34.0,2.0,34.0,2.0
16,s16_sit,sit,0,190.0,False,48.0,2.0,49.0,2.0,60.0,3.0,60.0,3.0
16,s16_sit,sit,0,250.0,False,23.0,1.0,0.0,1.0,28.0,2.0,28.0,2.0
16,s16_sit,sit,0,310.0,False,17.0,1.0,0.0,1.0,25.0,1.0,25.0,1.0
16,s16_sit,sit,0,370.0,False,4.0,1.0,0.0,1.0,18.0,1.0,18.0,1.0
16,s16_run,run,0,10.0,True,8.0,1.0,3.0,1.0,4.0,1.0,4.0,1.0
16,s16_run,run,0,70.0,False,0.0,1.0,0.0,1.0,0.0,1.0,0.0,1.0
16,s16_run,run,0,130.0,False,0.0,1.0,2.0,1.0,0.0,1.0,0.0,1.0
16,s16_run,run,0,190.0,False,0.0,1.0,2.0,1.0,0.0,1.0,0.0,1.0
16,s16_run,run,0,250.0,False,0.0,1.0,6.0,1.0,0.0,1.0,0.0,1.0
16,s16_run,run,0,310.0,False,11.0,1.0,18.0,1.0,11.0,1.0,11.0,1.0
16,s16_run,run,0,370.0,False,0.0,1.0,6.0,1.0,0.0,1.0,0.0,1.0
16,s16_run,run,0,430.0,False,17.0,1.0,27.0,1.0,22.0,1.0,22.0,1.0
16,s16_walk,walk,0,10.0,True,11.0,1.0,22.0,1.0,0.0,1.0,0.0,1.0
16,s16_walk,walk,0,70.0,False,0.0,1.0,3.0,1.0,0.0,1.0,0.0,1.0
16,s16_walk,walk,0,130.0,False,0.0,1.0,14.0,1.0,0.0,1.0,0.0,1.0
16,s16_walk,walk,0,190.0,False,4.0,1.0,3.0,1.0,0.0,1.0,0.0,1.0
16,s16_walk,walk,0,250.0,False,6.0,1.0,14.0,1.0,0.0,1.0,0.0,1.0
16,s16_walk,walk,0,310.0,False,0.0,1.0,0.0,1.0,0.0,1.0,0.0,1.0
16,s16_walk,walk,0,370.0,False,0.0,1.0,5.0,1.0,0.0,1.0,0.0,1.0
17,s17_run,run,0,10.0,True,35.0,2.0,34.0,1.0,27.0,1.0,27.0,1.0
17,s17_run,run,0,70.0,False,10.0,1.0,33.0,1.0,6.0,1.0,6.0,1.0
17,s17_run,run,0,130.0,False,3.0,1.0,12.0,1.0,4.0,1.0,4.0,1.0
17,s17_run,run,0,190.0,False,0.0,1.0,32.0,2.0,0.0,1.0,0.0,1.0
17,s17_run,run,0,250.0,False,0.0,1.0,38.0,2.0,0.0,1.0,0.0,1.0
17,s17_run,run,0,310.0,False,0.0,1.0,19.0,1.0,0.0,1.0,0.0,1.0
17,s17_run,run,0,370.0,False,9.0,1.0,16.0,1.0,13.0,1.0,13.0,1.0
17,s17_walk,walk,0,10.0,True,30.0,1.0,23.0,1.0,20.0,1.0,20.0,1.0
17,s17_walk,walk,0,70.0,False,53.0,2.0,100.0,3.0,48.0,2.0,48.0,2.0
17,s17_walk,walk,0,130.0,False,63.0,2.0,92.0,3.0,72.0,3.0,72.0,3.0
17,s17_walk,walk,0,190.0,False,50.0,2.0,46.0,2.0,46.0,2.0,46.0,2.0
17,s17_walk,walk,0,250.0,False,24.0,1.0,93.0,3.0,24.0,1.0,24.0,1.0
17,s17_walk,walk,0,310.0,False,73.0,3.0,100.0,3.0,76.0,3.0,76.0,3.0
17,s17_walk,walk,0,370.0,False,79.0,3.0,100.0,3.0,65.0,3.0,65.0,3.0
17,s17_sit,sit,0,10.0,True,0.0,1.0,1.0,1.0,0.0,1.0,0.0,1.0
17,s17_sit,sit,0,70.0,False,0.0,1.0,0.0,1.0,15.0,1.0,15.0,1.0
17,s17_sit,sit,0,130.0,False,0.0,1.0,0.0,1.0,0.0,1.0,0.0,1.0
17,s17_sit,sit,0,190.0,False,0.0,1.0,3.0,1.0,12.0,1.0,12.0,1.0
17,s17_sit,sit,0,250.0,False,34.0,1.0,10.0,1.0,12.0,1.0,12.0,1.0
17,s17_sit,sit,0,310.0,False,0.0,1.0,0.0,1.0,0.0,1.0,0.0,1.0
17,s17_sit,sit,0,370.0,False,0.0,1.0,0.0,1.0,0.0,1.0,0.0,1.0
18,s18_run,run,0,10.0,True,12.0,1.0,47.0,2.0,31.0,1.0,31.0,1.0
18,s18_run,run,0,70.0,False,0.0,1.0,75.0,3.0,0.0,1.0,0.0,1.0
18,s18_run,run,0,130.0,False,0.0,1.0,78.0,3.0,20.0,1.0,20.0,1.0
18,s18_run,run,0,190.0,False,0.0,1.0,50.0,2.0,23.0,1.0,23.0,1.0
18,s18_run,run,0,250.0,False,2.0,1.0,50.0,2.0,2.0,1.0,2.0,1.0
18,s18_run,run,0,310.0,False,14.0,1.0,42.0,2.0,60.0,2.0,60.0,2.0
18,s18_run,run,0,370.0,False,4.0,1.0,44.0,2.0,40.0,2.0,40.0,2.0
18,s18_walk,walk,0,10.0,True,0.0,1.0,0.0,1.0,11.0,1.0,11.0,1.0
18,s18_walk,walk,0,70.0,False,0.0,1.0,1.0,1.0,0.0,1.0,0.0,1.0
18,s18_walk,walk,0,130.0,False,1.0,1.0,7.0,1.0,2.0,1.0,2.0,1.0
18,s18_walk,walk,0,190.0,False,0.0,1.0,0.0,1.0,0.0,1.0,0.0,1.0
18,s18_walk,walk,0,250.0,False,0.0,1.0,14.0,1.0,0.0,1.0,0.0,1.0
18,s18_walk,walk,0,310.0,False,0.0,1.0,0.0,1.0,0.0,1.0,0.0,1.0
18,s18_walk,walk,0,370.0,False,7.0,1.0,17.0,1.0,5.0,1.0,5.0,1.0
18,s18_sit,sit,0,10.0,True,0.0,1.0,4.0,1.0,3.0,1.0,3.0,1.0
18,s18_sit,sit,0,70.0,False,17.0,1.0,43.0,2.0,20.0,1.0,20.0,1.0
18,s18_sit,sit,0,130.0,False,0.0,1.0,34.0,1.0,3.0,1.0,3.0,1.0
18,s18_sit,sit,0,190.0,False,1.0,1.0,39.0,2.0,1.0,1.0,1.0,1.0
18,s18_sit,sit,0,250.0,False,38.0,2.0,60.0,2.0,38.0,2.0,38.0,2.0
18,s18_sit,sit,0,310.0,False,1.0,1.0,43.0,2.0,1.0,1.0,1.0,1.0
18,s18_sit,sit,0,370.0,False,1.0,1.0,5.0,1.0,2.0,1.0,2.0,1.0
19,s19_walk,walk,0,10.0,True,11.0,1.0,0.0,1.0,6.0,1.0,6.0,1.0
19,s19_walk,walk,0,70.0,False,51.0,2.0,4.0,1.0,9.0,1.0,9.0,1.0
19,s19_walk,walk,0,130.0,False,50.0,2.0,56.0,2.0,10.0,1.0,10.0,1.0
19,s19_walk,walk,0,190.0,False,92.0,3.0,29.0,1.0,14.0,1.0,14.0,1.0
19,s19_walk,walk,0,250.0,False,41.0,2.0,50.0,2.0,11.0,1.0,11.0,1.0
19,s19_walk,walk,0,310.0,False,37.0,2.0,50.0,2.0,54.0,2.0,54.0,2.0
19,s19_walk,walk,0,370.0,False,42.0,2.0,50.0,2.0,56.0,2.0,56.0,2.0
19,s19_walk,walk,0,430.0,False,91.0,3.0,50.0,2.0,64.0,2.0,64.0,2.0
19,s19_sit,sit,0,10.0,True,32.0,1.0,0.0,1.0,18.0,1.0,18.0,1.0
19,s19_sit,sit,0,70.0,False,82.0,3.0,0.0,1.0,54.0,2.0,54.0,2.0
19,s19_sit,sit,0,130.0,False,100.0,3.0,61.0,2.0,100.0,3.0,100.0,3.0
19,s19_sit,sit,0,190.0,False,78.0,3.0,58.0,3.0,77.0,3.0,77.0,3.0
19,s19_sit,sit,0,250.0,False,100.0,3.0,87.0,3.0,100.0,3.0,100.0,3.0
19,s19_sit,sit,0,310.0,False,69.0,3.0,22.0,1.0,70.0,3.0,70.0,3.0
19,s19_sit,sit,0,370.0,False,84.0,3.0,38.0,2.0,84.0,3.0,84.0,3.0
19,s19_sit,sit,0,430.0,False,85.0,3.0,34.0,1.0,81.0,3.0,81.0,3.0
19,s19_run,run,0,10.0,True,22.0,1.0,0.0,1.0,28.0,1.0,28.0,1.0
19,s19_run,run,0,70.0,False,0.0,1.0,1.0,1.0,32.0,2.0,32.0,2.0
19,s19_run,run,0,130.0,False,31.0,2.0,23.0,1.0,17.0,1.0,17.0,1.0
19,s19_run,run,0,190.0,False,61.0,2.0,7.0,1.0,37.0,2.0,37.0,2.0
19,s19_run,run,0,250.0,False,21.0,1.0,11.0,1.0,15.0,1.0,15.0,1.0
19,s19_run,run,0,310.0,False,35.0,2.0,24.0,1.0,9.0,1.0,9.0,1.0
19,s19_run,run,0,370.0,False,3.0,1.0,36.0,2.0,1.0,1.0,1.0,1.0
20,s20_run,run,0,10.0,True,12.0,1.0,14.0,1.0,7.0,1.0,7.0,1.0
20,s20_run,run,0,70.0,False,7.0,1.0,8.0,1.0,0.0,1.0,0.0,1.0
20,s20_run,run,0,130.0,False,34.0,1.0,14.0,1.0,17.0,1.0,17.0,1.0
20,s20_run,run,0,190.0,False,18.0,1.0,0.0,1.0,5.0,1.0,5.0,1.0
20,s20_run,run,0,250.0,False,35.0,2.0,48.0,2.0,16.0,1.0,16.0,1.0
20,s20_run,run,0,310.0,False,15.0,1.0,50.0,2.0,26.0,1.0,26.0,1.0
20,s20_run,run,0,370.0,False,45.0,2.0,50.0,2.0,25.0,1.0,25.0,1.0
20,s20_run,run,0,430.0,False,52.0,2.0,60.0,2.0,50.0,2.0,50.0,2.0
20,s20_walk,walk,0,10.0,True,7.0,1.0,27.0,1.0,38.0,2.0,38.0,2.0
20,s20_walk,walk,0,70.0,False,0.0,1.0,28.0,1.0,81.0,3.0,81.0,3.0
20,s20_walk,walk,0,130.0,False,15.0,1.0,44.0,2.0,93.0,3.0,93.0,3.0
20,s20_walk,walk,0,190.0,False,20.0,1.0,38.0,2.0,99.0,3.0,99.0,3.0
20,s20_walk,walk,0,250.0,False,51.0,2.0,38.0,2.0,100.0,3.0,100.0,3.0
20,s20_walk,walk,0,310.0,False,17.0,1.0,39.0,2.0,100.0,3.0,100.0,3.0
20,s20_walk,walk,0,370.0,False,4.0,1.0,42.0,2.0,100.0,3.0,100.0,3.0
20,s20_sit,sit,0,10.0,True,26.0,1.0,20.0,1.0,23.0,1.0,23.0,1.0
20,s20_sit,sit,0,70.0,False,1.0,1.0,33.0,2.0,8.0,1.0,8.0,1.0
20,s20_sit,sit,0,130.0,False,16.0,1.0,12.0,1.0,14.0,1.0,14.0,1.0
20,s20_sit,sit,0,190.0,False,2.0,1.0,52.0,2.0,7.0,1.0,7.0,1.0
20,s20_sit,sit,0,250.0,False,6.0,1.0,21.0,1.0,40.0,2.0,40.0,2.0
20,s20_sit,sit,0,310.0,False,33.0,1.0,56.0,2.0,30.0,2.0,30.0,2.0
20,s20_sit,sit,0,370.0,False,47.0,2.0,63.0,3.0,48.0,2.0,48.0,2.0
20,s20_sit,sit,0,430.0,False,26.0,1.0,30.0,2.0,22.0,1.0,22.0,1.0
21,s21_walk,walk,0,10.0,True,19.0,1.0,0.0,1.0,11.0,1.0,11.0,1.0
21,s21_walk,walk,0,70.0,False,0.0,1.0,0.0,1.0,0.0,1.0,0.0,1.0
21,s21_walk,walk,0,130.0,False,0.0,1.0,1.0,1.0,0.0,1.0,0.0,1.0
21,s21_walk,walk,0,190.0,False,0.0,1.0,0.0,1.0,0.0,1.0,0.0,1.0
21,s21_walk,walk,0,250.0,False,0.0,1.0,0.0,1.0,0.0,1.0,0.0,1.0
21,s21_walk,walk,0,310.0,False,0.0,1.0,0.0,1.0,0.0,1.0,0.0,1.0
21,s21_walk,walk,0,370.0,False,0.0,1.0,0.0,1.0,0.0,1.0,0.0,1.0
21,s21_sit,sit,0,10.0,True,4.0,1.0,26.0,1.0,3.0,1.0,3.0,1.0
21,s21_sit,sit,0,70.0,False,25.0,1.0,58.0,2.0,16.0,1.0,16.0,1.0
21,s21_sit,sit,0,130.0,False,73.0,3.0,100.0,3.0,66.0,3.0,66.0,3.0
21,s21_sit,sit,0,190.0,False,13.0,1.0,60.0,3.0,10.0,1.0,10.0,1.0
21,s21_sit,sit,0,250.0,False,49.0,2.0,91.0,3.0,48.0,2.0,48.0,2.0
21,s21_sit,sit,0,310.0,False,42.0,2.0,88.0,3.0,44.0,2.0,44.0,2.0
21,s21_sit,sit,0,370.0,False,51.0,2.0,76.0,3.0,38.0,2.0,38.0,2.0
21,s21_run,run,0,10.0,True,0.0,1.0,0.0,1.0,0.0,1.0,0.0,1.0
21,s21_run,run,0,70.0,False,0.0,1.0,0.0,1.0,0.0,1.0,0.0,1.0
21,s21_run,run,0,130.0,False,0.0,1.0,0.0,1.0,0.0,1.0,0.0,1.0
21,s21_run,run,0,190.0,False,0.0,1.0,0.0,1.0,0.0,1.0,0.0,1.0
21,s21_run,run,0,250.0,False,0.0,1.0,0.0,1.0,0.0,1.0,0.0,1.0
21,s21_run,run,0,310.0,False,0.0,1.0,0.0,1.0,0.0,1.0,0.0,1.0
21,s21_run,run,0,370.0,False,0.0,1.0,0.0,1.0,0.0,1.0,0.0,1.0
22,s22_walk,walk,0,10.0,True,0.0,1.0,17.0,1.0,19.0,1.0,19.0,1.0
22,s22_walk,walk,0,70.0,False,0.0,1.0,20.0,1.0,19.0,1.0,19.0,1.0
22,s22_walk,walk,0,130.0,False,24.0,1.0,54.0,2.0,42.0,2.0,42.0,2.0
22,s22_walk,walk,0,190.0,False,7.0,1.0,44.0,2.0,22.0,1.0,22.0,1.0
22,s22_walk,walk,0,250.0,False,24.0,1.0,37.0,2.0,32.0,2.0,32.0,2.0
22,s22_walk,walk,0,310.0,False,50.0,2.0,66.0,3.0,63.0,2.0,63.0,2.0
22,s22_walk,walk,0,370.0,False,0.0,1.0,18.0,1.0,18.0,1.0,18.0,1.0
22,s22_run,run,0,10.0,True,0.0,1.0,0.0,1.0,9.0,1.0,9.0,1.0
22,s22_run,run,0,70.0,False,42.0,2.0,33.0,1.0,15.0,1.0,15.0,1.0
22,s22_run,run,0,130.0,False,0.0,1.0,3.0,1.0,0.0,1.0,0.0,1.0
22,s22_run,run,0,190.0,False,0.0,1.0,0.0,1.0,0.0,1.0,0.0,1.0
22,s22_run,run,0,250.0,False,37.0,2.0,21.0,1.0,38.0,2.0,38.0,2.0
22,s22_run,run,0,310.0,False,26.0,1.0,27.0,1.0,31.0,1.0,31.0,1.0
22,s22_run,run,0,370.0,False,10.0,1.0,5.0,1.0,23.0,1.0,23.0,1.0
22,s22_sit,sit,0,10.0,True,2.0,1.0,2.0,1.0,3.0,1.0,3.0,1.0
22,s22_sit,sit,0,70.0,False,24.0,1.0,7.0,1.0,22.0,1.0,22.0,1.0
22,s22_sit,sit,0,130.0,False,36.0,2.0,46.0,2.0,27.0,2.0,27.0,2.0
22,s22_sit,sit,0,190.0,False,48.0,2.0,43.0,2.0,41.0,2.0,41.0,2.0
22,s22_sit,sit,0,250.0,False,1.0,1.0,3.0,1.0,1.0,1.0,1.0,1.0
22,s22_sit,sit,0,310.0,False,27.0,1.0,18.0,1.0,26.0,1.0,26.0,1.0
22,s22_sit,sit,0,370.0,False,46.0,2.0,41.0,2.0,36.0,2.0,36.0,2.0
