run,variant,tau,coverage,n_subjects,n,median_abs_err,mean_abs_err,median_abs_pct_err,pearson_r,spearman_rho,ba_bias,ba_loa_low,ba_loa_high
off,sqi_full,0.0,0.9775967413441955,22,480,85.5134995123353,89.85523433690723,358.3952442308929,0.10749976869942854,0.0033105612437553983,89.85523433690723,-14.284253418140153,193.9947220919546
off,sqi_full,0.05,0.9775967413441955,22,480,85.5134995123353,89.85523433690723,358.3952442308929,0.10749976869942854,0.0033105612437553983,89.85523433690723,-14.284253418140153,193.9947220919546
off,sqi_full,0.1,0.9775967413441955,22,480,85.5134995123353,89.85523433690723,358.3952442308929,0.10749976869942854,0.0033105612437553983,89.85523433690723,-14.284253418140153,193.9947220919546
off,sqi_full,0.15,0.9775967413441955,22,480,85.5134995123353,89.85523433690723,358.3952442308929,0.10749976869942854,0.0033105612437553983,89.85523433690723,-14.284253418140153,193.9947220919546
off,sqi_full,0.2,0.9775967413441955,22,480,85.5134995123353,89.85523433690723,358.3952442308929,0.10749976869942854,0.0033105612437553983,89.85523433690723,-14.284253418140153,193.9947220919546
off,sqi_full,0.25,0.9775967413441955,22,480,85.5134995123353,89.85523433690723,358.3952442308929,0.10749976869942854,0.0033105612437553983,89.85523433690723,-14.284253418140153,193.9947220919546
off,sqi_full,0.3,0.9775967413441955,22,480,85.5134995123353,89.85523433690723,358.3952442308929,0.10749976869942854,0.0033105612437553983,89.85523433690723,-14.284253418140153,193.9947220919546
off,sqi_full,0.35,0.9775967413441955,22,480,85.5134995123353,89.85523433690723,358.3952442308929,0.10749976869942854,0.0033105612437553983,89.85523433690723,-14.284253418140153,193.9947220919546
off,sqi_full,0.4,0.9775967413441955,22,480,85.5134995123353,89.85523433690723,358.3952442308929,0.10749976869942854,0.0033105612437553983,89.85523433690723,-14.284253418140153,193.9947220919546
off,sqi_full,0.45,0.9775967413441955,22,480,85.5134995123353,89.85523433690723,358.3952442308929,0.10749976869942854,0.0033105612437553983,89.85523433690723,-14.284253418140153,193.9947220919546
off,sqi_full,0.5,0.9775967413441955,22,480,85.5134995123353,89.85523433690723,358.3952442308929,0.10749976869942854,0.0033105612437553983,89.85523433690723,-14.284253418140153,193.9947220919546
off,sqi_full,0.55,0.9775967413441955,22,480,85.5134995123353,89.85523433690723,358.3952442308929,0.10749976869942854,0.0033105612437553983,89.85523433690723,-14.284253418140153,193.9947220919546
off,sqi_full,0.6,0.9775967413441955,22,480,85.5134995123353,89.85523433690723,358.3952442308929,0.10749976869942854,0.0033105612437553983,89.85523433690723,-14.284253418140153,193.9947220919546
off,sqi_full,0.65,0.9775967413441955,22,480,85.5134995123353,89.85523433690723,358.3952442308929,0.10749976869942854,0.0033105612437553983,89.85523433690723,-14.284253418140153,193.9947220919546
off,sqi_full,0.7,0.9775967413441955,22,480,85.5134995123353,89.85523433690723,358.3952442308929,0.10749976869942854,0.0033105612437553983,89.85523433690723,-14.284253418140153,193.9947220919546
off,sqi_full,0.75,0.9775967413441955,22,480,85.5134995123353,89.85523433690723,358.3952442308929,0.10749976869942854,0.0033105612437553983,89.85523433690723,-14.284253418140153,193.9947220919546
off,sqi_full,0.8,0.9775967413441955,22,480,85.5134995123353,89.85523433690723,358.3952442308929,0.10749976869942854,0.0033105612437553983,89.85523433690723,-14.284253418140153,193.9947220919546
off,sqi_full,0.81,0.9775967413441955,22,480,85.5134995123353,89.85523433690723,358.3952442308929,0.10749976869942854,0.0033105612437553983,89.85523433690723,-14.284253418140153,193.9947220919546
off,sqi_full,0.82,0.9775967413441955,22,480,85.5134995123353,89.85523433690723,358.3952442308929,0.10749976869942854,0.0033105612437553983,89.85523433690723,-14.284253418140153,193.9947220919546
off,sqi_full,0.83,0.9775967413441955,22,480,85.5134995123353,89.85523433690723,358.3952442308929,0.10749976869942854,0.0033105612437553983,89.85523433690723,-14.284253418140153,193.9947220919546
off,sqi_full,0.84,0.9775967413441955,22,480,85.5134995123353,89.85523433690723,358.3952442308929,0.10749976869942854,0.0033105612437553983,89.85523433690723,-14.284253418140153,193.9947220919546
off,sqi_full,0.85,0.9775967413441955,22,480,85.5134995123353,89.85523433690723,358.3952442308929,0.10749976869942854,0.0033105612437553983,89.85523433690723,-14.284253418140153,193.9947220919546
off,sqi_full,0.86,0.9775967413441955,22,480,85.5134995123353,89.85523433690723,358.3952442308929,0.10749976869942854,0.0033105612437553983,89.85523433690723,-14.284253418140153,193.9947220919546
off,sqi_full,0.87,0.9775967413441955,22,480,85.5134995123353,89.85523433690723,358.3952442308929,0.10749976869942854,0.0033105612437553983,89.85523433690723,-14.284253418140153,193.9947220919546
off,sqi_full,0.88,0.9775967413441955,22,480,85.5134995123353,89.85523433690723,358.3952442308929,0.10749976869942854,0.0033105612437553983,89.85523433690723,-14.284253418140153,193.9947220919546
off,sqi_full,0.89,0.9775967413441955,22,480,85.5134995123353,89.85523433690723,358.3952442308929,0.10749976869942854,0.0033105612437553983,89.85523433690723,-14.284253418140153,193.9947220919546
off,sqi_full,0.9,0.9755600814663951,22,479,85.41264805666125,89.8437215170858,356.0514955221449,0.10750278785211459,0.003378835789344957,89.8437215170858,-14.40346714121955,194.09091017539114
off,sqi_full,0.91,0.9755600814663951,22,479,85.41264805666125,89.8437215170858,356.0514955221449,0.10750278785211459,0.003378835789344957,89.8437215170858,-14.40346714121955,194.09091017539114
off,sqi_full,0.92,0.9694501018329938,22,476,85.19017550056405,89.2692838097774,354.7166573779205,0.11460165321447735,0.010597526001463149,89.2692838097774,-14.332272706804162,192.87084032635897
off,sqi_full,0.93,0.9592668024439919,22,471,84.13132489892314,88.59375953442125,350.7062644889868,0.12163602021219905,0.015411807672253601,88.59375953442125,-13.67767385684337,190.86519292568588
off,sqi_full,0.94,0.9185336048879837,22,451,80.64134360449803,86.62526100499542,338.59686104456654,0.1394397416994044,0.029688205168455536,86.62526100499542,-14.681221847452292,187.93174385744314
off,sqi_full,0.95,0.8370672097759674,22,411,74.89933726076424,81.93156303121889,322.80879073751197,0.07052329267239744,-0.020809055727152834,81.93156303121889,-16.65454134601144,180.5176674084492
off,sqi_full,0.96,0.6619144602851323,22,325,61.22855772744347,68.29483601043245,270.5356181554733,0.07804467897990545,0.021283973922010736,68.29483601043245,-16.776157834274443,153.36582985513934
off,sqi_full,0.97,0.40325865580448067,21,198,45.80384706277279,47.91788135484342,184.90776759369493,0.35848998867749726,0.2700728685729834,47.91788135484342,-5.910622691801187,101.74638540148803
off,sqi_full,0.98,0.10590631364562118,12,52,23.722874264826288,26.37958849464603,116.62308655443776,0.5600242786527694,0.4750277469478357,26.37958849464603,-7.125335767346634,59.88451275663869
off,sqi_full,0.99,0.008146639511201629,1,4,6.34465041195819,9.566172874105225,146.62676971556064,-0.37011292951866626,0.0,9.566172874105225,-4.646576343338619,23.77892209154907
off,sqi_full,1.0,0.0,0,0,,,,,,,,
off,sqi_amp,0.0,0.9775967413441955,22,480,85.5134995123353,89.85523433690723,358.3952442308929,0.10749976869942854,0.0033105612437553983,89.85523433690723,-14.284253418140153,193.9947220919546
off,sqi_amp,0.05,0.9775967413441955,22,480,85.5134995123353,89.85523433690723,358.3952442308929,0.10749976869942854,0.0033105612437553983,89.85523433690723,-14.284253418140153,193.9947220919546
off,sqi_amp,0.1,0.9775967413441955,22,480,85.5134995123353,89.85523433690723,358.3952442308929,0.10749976869942854,0.0033105612437553983,89.85523433690723,-14.284253418140153,193.9947220919546
off,sqi_amp,0.15,0.9775967413441955,22,480,85.5134995123353,89.85523433690723,358.3952442308929,0.10749976869942854,0.0033105612437553983,89.85523433690723,-14.284253418140153,193.9947220919546
off,sqi_amp,0.2,0.9775967413441955,22,480,85.5134995123353,89.85523433690723,358.3952442308929,0.10749976869942854,0.0033105612437553983,89.85523433690723,-14.284253418140153,193.9947220919546
off,sqi_amp,0.25,0.9775967413441955,22,480,85.5134995123353,89.85523433690723,358.3952442308929,0.10749976869942854,0.0033105612437553983,89.85523433690723,-14.284253418140153,193.9947220919546
off,sqi_amp,0.3,0.9775967413441955,22,480,85.5134995123353,89.85523433690723,358.3952442308929,0.10749976869942854,0.0033105612437553983,89.85523433690723,-14.284253418140153,193.9947220919546
off,sqi_amp,0.35,0.9775967413441955,22,480,85.5134995123353,89.85523433690723,358.3952442308929,0.10749976869942854,0.0033105612437553983,89.85523433690723,-14.284253418140153,193.9947220919546
off,sqi_amp,0.4,0.9775967413441955,22,480,85.5134995123353,89.85523433690723,358.3952442308929,0.10749976869942854,0.0033105612437553983,89.85523433690723,-14.284253418140153,193.9947220919546
off,sqi_amp,0.45,0.9775967413441955,22,480,85.5134995123353,89.85523433690723,358.3952442308929,0.10749976869942854,0.0033105612437553983,89.85523433690723,-14.284253418140153,193.9947220919546
off,sqi_amp,0.5,0.9775967413441955,22,480,85.5134995123353,89.85523433690723,358.3952442308929,0.10749976869942854,0.0033105612437553983,89.85523433690723,-14.284253418140153,193.9947220919546
off,sqi_amp,0.55,0.9775967413441955,22,480,85.5134995123353,89.85523433690723,358.3952442308929,0.10749976869942854,0.0033105612437553983,89.85523433690723,-14.284253418140153,193.9947220919546
off,sqi_amp,0.6,0.9775967413441955,22,480,85.5134995123353,89.85523433690723,358.3952442308929,0.10749976869942854,0.0033105612437553983,89.85523433690723,-14.284253418140153,193.9947220919546
off,sqi_amp,0.65,0.9775967413441955,22,480,85.5134995123353,89.85523433690723,358.3952442308929,0.10749976869942854,0.0033105612437553983,89.85523433690723,-14.284253418140153,193.9947220919546
off,sqi_amp,0.7,0.9775967413441955,22,480,85.5134995123353,89.85523433690723,358.3952442308929,0.10749976869942854,0.0033105612437553983,89.85523433690723,-14.284253418140153,193.9947220919546
off,sqi_amp,0.75,0.9775967413441955,22,480,85.5134995123353,89.85523433690723,358.3952442308929,0.10749976869942854,0.0033105612437553983,89.85523433690723,-14.284253418140153,193.9947220919546
off,sqi_amp,0.8,0.9775967413441955,22,480,85.5134995123353,89.85523433690723,358.3952442308929,0.10749976869942854,0.0033105612437553983,89.85523433690723,-14.284253418140153,193.9947220919546
off,sqi_amp,0.81,0.9775967413441955,22,480,85.5134995123353,89.85523433690723,358.3952442308929,0.10749976869942854,0.0033105612437553983,89.85523433690723,-14.284253418140153,193.9947220919546
off,sqi_amp,0.82,0.9775967413441955,22,480,85.5134995123353,89.85523433690723,358.3952442308929,0.10749976869942854,0.0033105612437553983,89.85523433690723,-14.284253418140153,193.9947220919546
off,sqi_amp,0.83,0.9775967413441955,22,480,85.5134995123353,89.85523433690723,358.3952442308929,0.10749976869942854,0.0033105612437553983,89.85523433690723,-14.284253418140153,193.9947220919546
off,sqi_amp,0.84,0.9775967413441955,22,480,85.5134995123353,89.85523433690723,358.3952442308929,0.10749976869942854,0.0033105612437553983,89.85523433690723,-14.284253418140153,193.9947220919546
off,sqi_amp,0.85,0.9775967413441955,22,480,85.5134995123353,89.85523433690723,358.3952442308929,0.10749976869942854,0.0033105612437553983,89.85523433690723,-14.284253418140153,193.9947220919546
off,sqi_amp,0.86,0.9775967413441955,22,480,85.5134995123353,89.85523433690723,358.3952442308929,0.10749976869942854,0.0033105612437553983,89.85523433690723,-14.284253418140153,193.9947220919546
off,sqi_amp,0.87,0.9775967413441955,22,480,85.5134995123353,89.85523433690723,358.3952442308929,0.10749976869942854,0.0033105612437553983,89.85523433690723,-14.284253418140153,193.9947220919546
off,sqi_amp,0.88,0.9775967413441955,22,480,85.5134995123353,89.85523433690723,358.3952442308929,0.10749976869942854,0.0033105612437553983,89.85523433690723,-14.284253418140153,193.9947220919546
off,sqi_amp,0.89,0.9775967413441955,22,480,85.5134995123353,89.85523433690723,358.3952442308929,0.10749976869942854,0.0033105612437553983,89.85523433690723,-14.284253418140153,193.9947220919546
off,sqi_amp,0.9,0.9775967413441955,22,480,85.5134995123353,89.85523433690723,358.3952442308929,0.10749976869942854,0.0033105612437553983,89.85523433690723,-14.284253418140153,193.9947220919546
off,sqi_amp,0.91,0.9775967413441955,22,480,85.5134995123353,89.85523433690723,358.3952442308929,0.10749976869942854,0.0033105612437553983,89.85523433690723,-14.284253418140153,193.9947220919546
off,sqi_amp,0.92,0.9775967413441955,22,480,85.5134995123353,89.85523433690723,358.3952442308929,0.10749976869942854,0.0033105612437553983,89.85523433690723,-14.284253418140153,193.9947220919546
off,sqi_amp,0.93,0.9775967413441955,22,480,85.5134995123353,89.85523433690723,358.3952442308929,0.10749976869942854,0.0033105612437553983,89.85523433690723,-14.284253418140153,193.9947220919546
off,sqi_amp,0.94,0.9775967413441955,22,480,85.5134995123353,89.85523433690723,358.3952442308929,0.10749976869942854,0.0033105612437553983,89.85523433690723,-14.284253418140153,193.9947220919546
off,sqi_amp,0.95,0.9775967413441955,22,480,85.5134995123353,89.85523433690723,358.3952442308929,0.10749976869942854,0.0033105612437553983,89.85523433690723,-14.284253418140153,193.9947220919546
off,sqi_amp,0.96,0.9775967413441955,22,480,85.5134995123353,89.85523433690723,358.3952442308929,0.10749976869942854,0.0033105612437553983,89.85523433690723,-14.284253418140153,193.9947220919546
off,sqi_amp,0.97,0.9775967413441955,22,480,85.5134995123353,89.85523433690723,358.3952442308929,0.10749976869942854,0.0033105612437553983,89.85523433690723,-14.284253418140153,193.9947220919546
off,sqi_amp,0.98,0.9775967413441955,22,480,85.5134995123353,89.85523433690723,358.3952442308929,0.10749976869942854,0.0033105612437553983,89.85523433690723,-14.284253418140153,193.9947220919546
off,sqi_amp,0.99,0.9775967413441955,22,480,85.5134995123353,89.85523433690723,358.3952442308929,0.10749976869942854,0.0033105612437553983,89.85523433690723,-14.284253418140153,193.9947220919546
off,sqi_amp,1.0,0.9775967413441955,22,480,85.5134995123353,89.85523433690723,358.3952442308929,0.10749976869942854,0.0033105612437553983,89.85523433690723,-14.284253418140153,193.9947220919546
off,sqi_per,0.0,0.9775967413441955,22,480,85.5134995123353,89.85523433690723,358.3952442308929,0.10749976869942854,0.0033105612437553983,89.85523433690723,-14.284253418140153,193.9947220919546
off,sqi_per,0.05,0.9775967413441955,22,480,85.5134995123353,89.85523433690723,358.3952442308929,0.10749976869942854,0.0033105612437553983,89.85523433690723,-14.284253418140153,193.9947220919546
off,sqi_per,0.1,0.9775967413441955,22,480,85.5134995123353,89.85523433690723,358.3952442308929,0.10749976869942854,0.0033105612437553983,89.85523433690723,-14.284253418140153,193.9947220919546
off,sqi_per,0.15,0.9775967413441955,22,480,85.5134995123353,89.85523433690723,358.3952442308929,0.10749976869942854,0.0033105612437553983,89.85523433690723,-14.284253418140153,193.9947220919546
off,sqi_per,0.2,0.9775967413441955,22,480,85.5134995123353,89.85523433690723,358.3952442308929,0.10749976869942854,0.0033105612437553983,89.85523433690723,-14.284253418140153,193.9947220919546
off,sqi_per,0.25,0.9775967413441955,22,480,85.5134995123353,89.85523433690723,358.3952442308929,0.10749976869942854,0.0033105612437553983,89.85523433690723,-14.284253418140153,193.9947220919546
off,sqi_per,0.3,0.9775967413441955,22,480,85.5134995123353,89.85523433690723,358.3952442308929,0.10749976869942854,0.0033105612437553983,89.85523433690723,-14.284253418140153,193.9947220919546
off,sqi_per,0.35,0.9775967413441955,22,480,85.5134995123353,89.85523433690723,358.3952442308929,0.10749976869942854,0.0033105612437553983,89.85523433690723,-14.284253418140153,193.9947220919546
off,sqi_per,0.4,0.9775967413441955,22,480,85.5134995123353,89.85523433690723,358.3952442308929,0.10749976869942854,0.0033105612437553983,89.85523433690723,-14.284253418140153,193.9947220919546
off,sqi_per,0.45,0.9775967413441955,22,480,85.5134995123353,89.85523433690723,358.3952442308929,0.10749976869942854,0.0033105612437553983,89.85523433690723,-14.284253418140153,193.9947220919546
off,sqi_per,0.5,0.9775967413441955,22,480,85.5134995123353,89.85523433690723,358.3952442308929,0.10749976869942854,0.0033105612437553983,89.85523433690723,-14.284253418140153,193.9947220919546
off,sqi_per,0.55,0.9775967413441955,22,480,85.5134995123353,89.85523433690723,358.3952442308929,0.10749976869942854,0.0033105612437553983,89.85523433690723,-14.284253418140153,193.9947220919546
off,sqi_per,0.6,0.9775967413441955,22,480,85.5134995123353,89.85523433690723,358.3952442308929,0.10749976869942854,0.0033105612437553983,89.85523433690723,-14.284253418140153,193.9947220919546
off,sqi_per,0.65,0.9775967413441955,22,480,85.5134995123353,89.85523433690723,358.3952442308929,0.10749976869942854,0.0033105612437553983,89.85523433690723,-14.284253418140153,193.9947220919546
off,sqi_per,0.7,0.9775967413441955,22,480,85.5134995123353,89.85523433690723,358.3952442308929,0.10749976869942854,0.0033105612437553983,89.85523433690723,-14.284253418140153,193.9947220919546
off,sqi_per,0.75,0.9775967413441955,22,480,85.5134995123353,89.85523433690723,358.3952442308929,0.10749976869942854,0.0033105612437553983,89.85523433690723,-14.284253418140153,193.9947220919546
off,sqi_per,0.8,0.9775967413441955,22,480,85.5134995123353,89.85523433690723,358.3952442308929,0.10749976869942854,0.0033105612437553983,89.85523433690723,-14.284253418140153,193.9947220919546
off,sqi_per,0.81,0.9775967413441955,22,480,85.5134995123353,89.85523433690723,358.3952442308929,0.10749976869942854,0.0033105612437553983,89.85523433690723,-14.284253418140153,193.9947220919546
off,sqi_per,0.82,0.9775967413441955,22,480,85.5134995123353,89.85523433690723,358.3952442308929,0.10749976869942854,0.0033105612437553983,89.85523433690723,-14.284253418140153,193.9947220919546
off,sqi_per,0.83,0.9755600814663951,22,479,85.41264805666125,89.8437215170858,356.0514955221449,0.10750278785211459,0.003378835789344957,89.8437215170858,-14.40346714121955,194.09091017539114
off,sqi_per,0.84,0.9755600814663951,22,479,85.41264805666125,89.8437215170858,356.0514955221449,0.10750278785211459,0.003378835789344957,89.8437215170858,-14.40346714121955,194.09091017539114
off,sqi_per,0.85,0.9755600814663951,22,479,85.41264805666125,89.8437215170858,356.0514955221449,0.10750278785211459,0.003378835789344957,89.8437215170858,-14.40346714121955,194.09091017539114
off,sqi_per,0.86,0.9735234215885947,22,478,85.30549603387304,89.65401840037337,355.7917554498598,0.10736854899560659,0.002335121496363215,89.65401840037337,-14.383952330963254,193.69198913171
off,sqi_per,0.87,0.9694501018329938,22,476,85.19017550056405,89.2692838097774,354.7166573779205,0.11460165321447735,0.010597526001463149,89.2692838097774,-14.332272706804162,192.87084032635897
off,sqi_per,0.88,0.9613034623217923,22,472,84.65666594448321,89.03107971093463,352.30378193362657,0.11666539187296235,0.013588353856838879,89.03107971093463,-14.815049249849821,192.87720867171907
off,sqi_per,0.89,0.9490835030549898,22,466,83.53077486572505,88.12069704887507,345.32248255860713,0.12056508777786068,0.012075451337492264,88.12069704887507,-14.060475113321246,190.3018692110714
off,sqi_per,0.9,0.9185336048879837,22,451,80.64134360449803,86.62526100499542,338.59686104456654,0.1394397416994044,0.029688205168455536,86.62526100499542,-14.681221847452292,187.93174385744314
off,sqi_per,0.91,0.8778004073319755,22,431,77.59933969329221,84.75232897839655,333.9955504002715,0.10541599077320318,0.006370468293794253,84.75232897839655,-15.494596982811927,184.999254939605
off,sqi_per,0.92,0.8187372708757638,22,402,73.11467054307478,80.7168416429845,319.9665041828196,0.05221555340404451,-0.039837722829329035,80.7168416429845,-16.701444912995953,178.13512819896496
off,sqi_per,0.93,0.7107942973523421,22,349,62.5677453089577,73.1516780741474,290.12474714394693,0.0273451615885052,-0.03705816760060412,73.1516780741474,-17.94667498343658,164.25003113173136
off,sqi_per,0.94,0.5763747454175153,22,283,52.97565544134035,61.394107753741814,237.8217585960583,0.11954977215262196,0.11676184465639033,61.394107753741814,-15.840261668871229,138.62847717635486
off,sqi_per,0.95,0.40325865580448067,21,198,45.80384706277279,47.91788135484342,184.90776759369493,0.35848998867749726,0.2700728685729834,47.91788135484342,-5.910622691801187,101.74638540148803
off,sqi_per,0.96,0.20570264765784113,18,101,32.156643669804055,34.12775644604269,131.72889399555066,0.48227707069634124,0.3786371578334303,34.12775644604269,-8.46539449192359,76.72090738400897
off,sqi_per,0.97,0.07331975560081466,9,36,20.566744053201646,22.50431463082724,116.47939510626686,0.5885340339607098,0.5552123552123552,22.50431463082724,-4.057292878838538,49.065922140493015
off,sqi_per,0.98,0.016293279022403257,2,8,10.9620844245925,13.355238440282005,117.77123389563529,0.6888890951946343,0.4523809523809524,13.355238440282005,-4.897205510000191,31.6076823905642
off,sqi_per,0.99,0.0,0,0,,,,,,,,
off,sqi_per,1.0,0.0,0,0,,,,,,,,
sensor2_off,sqi_full,0.0,0.9572301425661914,22,470,110.59871134599287,114.75226297187827,542.6589506070817,-0.013678331421147952,-0.06097064079359195,114.75226297187827,-0.95639317223484,230.46091911599137
sensor2_off,sqi_full,0.05,0.9572301425661914,22,470,110.59871134599287,114.75226297187827,542.6589506070817,-0.013678331421147952,-0.06097064079359195,114.75226297187827,-0.95639317223484,230.46091911599137
sensor2_off,sqi_full,0.1,0.9572301425661914,22,470,110.59871134599287,114.75226297187827,542.6589506070817,-0.013678331421147952,-0.06097064079359195,114.75226297187827,-0.95639317223484,230.46091911599137
sensor2_off,sqi_full,0.15,0.9572301425661914,22,470,110.59871134599287,114.75226297187827,542.6589506070817,-0.013678331421147952,-0.06097064079359195,114.75226297187827,-0.95639317223484,230.46091911599137
sensor2_off,sqi_full,0.2,0.9572301425661914,22,470,110.59871134599287,114.75226297187827,542.6589506070817,-0.013678331421147952,-0.06097064079359195,114.75226297187827,-0.95639317223484,230.46091911599137
sensor2_off,sqi_full,0.25,0.9572301425661914,22,470,110.59871134599287,114.75226297187827,542.6589506070817,-0.013678331421147952,-0.06097064079359195,114.75226297187827,-0.95639317223484,230.46091911599137
sensor2_off,sqi_full,0.3,0.9572301425661914,22,470,110.59871134599287,114.75226297187827,542.6589506070817,-0.013678331421147952,-0.06097064079359195,114.75226297187827,-0.95639317223484,230.46091911599137
sensor2_off,sqi_full,0.35,0.9572301425661914,22,470,110.59871134599287,114.75226297187827,542.6589506070817,-0.013678331421147952,-0.06097064079359195,114.75226297187827,-0.95639317223484,230.46091911599137
sensor2_off,sqi_full,0.4,0.9572301425661914,22,470,110.59871134599287,114.75226297187827,542.6589506070817,-0.013678331421147952,-0.06097064079359195,114.75226297187827,-0.95639317223484,230.46091911599137
sensor2_off,sqi_full,0.45,0.9572301425661914,22,470,110.59871134599287,114.75226297187827,542.6589506070817,-0.013678331421147952,-0.06097064079359195,114.75226297187827,-0.95639317223484,230.46091911599137
sensor2_off,sqi_full,0.5,0.9511201629327902,22,467,111.7882113523316,114.99199189264412,538.0325708749613,-0.025573812284154396,-0.07373971881553855,114.99199189264412,-0.9355461888207657,230.91952997410903
sensor2_off,sqi_full,0.55,0.9511201629327902,22,467,111.7882113523316,114.99199189264412,538.0325708749613,-0.025573812284154396,-0.07373971881553855,114.99199189264412,-0.9355461888207657,230.91952997410903
sensor2_off,sqi_full,0.6,0.9511201629327902,22,467,111.7882113523316,114.99199189264412,538.0325708749613,-0.025573812284154396,-0.07373971881553855,114.99199189264412,-0.9355461888207657,230.91952997410903
sensor2_off,sqi_full,0.65,0.9511201629327902,22,467,111.7882113523316,114.99199189264412,538.0325708749613,-0.025573812284154396,-0.07373971881553855,114.99199189264412,-0.9355461888207657,230.91952997410903
sensor2_off,sqi_full,0.7,0.9511201629327902,22,467,111.7882113523316,114.99199189264412,538.0325708749613,-0.025573812284154396,-0.07373971881553855,114.99199189264412,-0.9355461888207657,230.91952997410903
sensor2_off,sqi_full,0.75,0.9511201629327902,22,467,111.7882113523316,114.99199189264412,538.0325708749613,-0.025573812284154396,-0.07373971881553855,114.99199189264412,-0.9355461888207657,230.91952997410903
sensor2_off,sqi_full,0.8,0.9511201629327902,22,467,111.7882113523316,114.99199189264412,538.0325708749613,-0.025573812284154396,-0.07373971881553855,114.99199189264412,-0.9355461888207657,230.91952997410903
sensor2_off,sqi_full,0.81,0.9511201629327902,22,467,111.7882113523316,114.99199189264412,538.0325708749613,-0.025573812284154396,-0.07373971881553855,114.99199189264412,-0.9355461888207657,230.91952997410903
sensor2_off,sqi_full,0.82,0.9511201629327902,22,467,111.7882113523316,114.99199189264412,538.0325708749613,-0.025573812284154396,-0.07373971881553855,114.99199189264412,-0.9355461888207657,230.91952997410903
sensor2_off,sqi_full,0.83,0.9511201629327902,22,467,111.7882113523316,114.99199189264412,538.0325708749613,-0.025573812284154396,-0.07373971881553855,114.99199189264412,-0.9355461888207657,230.91952997410903
sensor2_off,sqi_full,0.84,0.9511201629327902,22,467,111.7882113523316,114.99199189264412,538.0325708749613,-0.025573812284154396,-0.07373971881553855,114.99199189264412,-0.9355461888207657,230.91952997410903
sensor2_off,sqi_full,0.85,0.9511201629327902,22,467,111.7882113523316,114.99199189264412,538.0325708749613,-0.025573812284154396,-0.07373971881553855,114.99199189264412,-0.9355461888207657,230.91952997410903
sensor2_off,sqi_full,0.86,0.9511201629327902,22,467,111.7882113523316,114.99199189264412,538.0325708749613,-0.025573812284154396,-0.07373971881553855,114.99199189264412,-0.9355461888207657,230.91952997410903
sensor2_off,sqi_full,0.87,0.9511201629327902,22,467,111.7882113523316,114.99199189264412,538.0325708749613,-0.025573812284154396,-0.07373971881553855,114.99199189264412,-0.9355461888207657,230.91952997410903
sensor2_off,sqi_full,0.88,0.9511201629327902,22,467,111.7882113523316,114.99199189264412,538.0325708749613,-0.025573812284154396,-0.07373971881553855,114.99199189264412,-0.9355461888207657,230.91952997410903
sensor2_off,sqi_full,0.89,0.9511201629327902,22,467,111.7882113523316,114.99199189264412,538.0325708749613,-0.025573812284154396,-0.07373971881553855,114.99199189264412,-0.9355461888207657,230.91952997410903
sensor2_off,sqi_full,0.9,0.9511201629327902,22,467,111.7882113523316,114.99199189264412,538.0325708749613,-0.025573812284154396,-0.07373971881553855,114.99199189264412,-0.9355461888207657,230.91952997410903
sensor2_off,sqi_full,0.91,0.9470468431771895,22,465,111.26513619351263,114.85446592335846,538.0325708749613,-0.02441726210984177,-0.07261579606261959,114.85446592335846,-1.1749354733749868,230.8838673200919
sensor2_off,sqi_full,0.92,0.9409368635437881,22,462,109.82192447444594,114.38195783988687,536.1868184769895,-0.023395874073165887,-0.07259087184111117,114.38195783988687,-1.3181385209170884,230.08205420069083
sensor2_off,sqi_full,0.93,0.924643584521385,22,454,109.15625515949739,113.76464961951771,533.1393367636356,-0.03329099148009142,-0.0817530892227765,113.76464961951771,-2.4507075541987575,229.98000679323417
sensor2_off,sqi_full,0.94,0.8655804480651731,22,425,106.68734303350212,111.83350872441919,514.2729396346663,-0.03334797565151504,-0.08931867914049652,111.83350872441919,-4.283193403857837,227.95021085269622
sensor2_off,sqi_full,0.95,0.7474541751527495,22,367,101.22814593145452,107.60846697149128,467.76748215535395,-0.02562445163467936,-0.07852771697860367,107.60846697149128,-8.804579049849266,224.02151299283184
sensor2_off,sqi_full,0.96,0.5458248472505092,22,268,83.55772285631701,93.50343561849859,383.0447243582468,0.0024024269794319496,-0.03725451935011879,93.50343561849859,-13.615396604114707,200.62226784111186
sensor2_off,sqi_full,0.97,0.27494908350305497,16,135,53.34947247240272,64.36233229305593,270.9296943574814,-0.07832729894413158,-0.03694761486684227,64.36233229305593,-14.451546213946614,143.17621080005847
sensor2_off,sqi_full,0.98,0.06924643584521385,8,34,43.173550408854,42.69829668808808,180.44025626346945,0.03782090082218002,-0.018487394957983194,42.69829668808808,-9.332008134335666,94.72860151051182
sensor2_off,sqi_full,0.99,0.0,0,0,,,,,,,,
sensor2_off,sqi_full,1.0,0.0,0,0,,,,,,,,
sensor2_off,sqi_amp,0.0,0.9572301425661914,22,470,110.59871134599287,114.75226297187827,542.6589506070817,-0.013678331421147952,-0.06097064079359195,114.75226297187827,-0.95639317223484,230.46091911599137
sensor2_off,sqi_amp,0.05,0.9572301425661914,22,470,110.59871134599287,114.75226297187827,542.6589506070817,-0.013678331421147952,-0.06097064079359195,114.75226297187827,-0.95639317223484,230.46091911599137
sensor2_off,sqi_amp,0.1,0.9572301425661914,22,470,110.59871134599287,114.75226297187827,542.6589506070817,-0.013678331421147952,-0.06097064079359195,114.75226297187827,-0.95639317223484,230.46091911599137
sensor2_off,sqi_amp,0.15,0.9572301425661914,22,470,110.59871134599287,114.75226297187827,542.6589506070817,-0.013678331421147952,-0.06097064079359195,114.75226297187827,-0.95639317223484,230.46091911599137
sensor2_off,sqi_amp,0.2,0.9572301425661914,22,470,110.59871134599287,114.75226297187827,542.6589506070817,-0.013678331421147952,-0.06097064079359195,114.75226297187827,-0.95639317223484,230.46091911599137
sensor2_off,sqi_amp,0.25,0.9572301425661914,22,470,110.59871134599287,114.75226297187827,542.6589506070817,-0.013678331421147952,-0.06097064079359195,114.75226297187827,-0.95639317223484,230.46091911599137
sensor2_off,sqi_amp,0.3,0.9572301425661914,22,470,110.59871134599287,114.75226297187827,542.6589506070817,-0.013678331421147952,-0.06097064079359195,114.75226297187827,-0.95639317223484,230.46091911599137
sensor2_off,sqi_amp,0.35,0.9572301425661914,22,470,110.59871134599287,114.75226297187827,542.6589506070817,-0.013678331421147952,-0.06097064079359195,114.75226297187827,-0.95639317223484,230.46091911599137
sensor2_off,sqi_amp,0.4,0.9572301425661914,22,470,110.59871134599287,114.75226297187827,542.6589506070817,-0.013678331421147952,-0.06097064079359195,114.75226297187827,-0.95639317223484,230.46091911599137
sensor2_off,sqi_amp,0.45,0.9572301425661914,22,470,110.59871134599287,114.75226297187827,542.6589506070817,-0.013678331421147952,-0.06097064079359195,114.75226297187827,-0.95639317223484,230.46091911599137
sensor2_off,sqi_amp,0.5,0.9572301425661914,22,470,110.59871134599287,114.75226297187827,542.6589506070817,-0.013678331421147952,-0.06097064079359195,114.75226297187827,-0.95639317223484,230.46091911599137
sensor2_off,sqi_amp,0.55,0.9511201629327902,22,467,111.7882113523316,114.99199189264412,538.0325708749613,-0.025573812284154396,-0.07373971881553855,114.99199189264412,-0.9355461888207657,230.91952997410903
sensor2_off,sqi_amp,0.6,0.9511201629327902,22,467,111.7882113523316,114.99199189264412,538.0325708749613,-0.025573812284154396,-0.07373971881553855,114.99199189264412,-0.9355461888207657,230.91952997410903
sensor2_off,sqi_amp,0.65,0.9511201629327902,22,467,111.7882113523316,114.99199189264412,538.0325708749613,-0.025573812284154396,-0.07373971881553855,114.99199189264412,-0.9355461888207657,230.91952997410903
sensor2_off,sqi_amp,0.7,0.9511201629327902,22,467,111.7882113523316,114.99199189264412,538.0325708749613,-0.025573812284154396,-0.07373971881553855,114.99199189264412,-0.9355461888207657,230.91952997410903
sensor2_off,sqi_amp,0.75,0.9511201629327902,22,467,111.7882113523316,114.99199189264412,538.0325708749613,-0.025573812284154396,-0.07373971881553855,114.99199189264412,-0.9355461888207657,230.91952997410903
sensor2_off,sqi_amp,0.8,0.9511201629327902,22,467,111.7882113523316,114.99199189264412,538.0325708749613,-0.025573812284154396,-0.07373971881553855,114.99199189264412,-0.9355461888207657,230.91952997410903
sensor2_off,sqi_amp,0.81,0.9511201629327902,22,467,111.7882113523316,114.99199189264412,538.0325708749613,-0.025573812284154396,-0.07373971881553855,114.99199189264412,-0.9355461888207657,230.91952997410903
sensor2_off,sqi_amp,0.82,0.9511201629327902,22,467,111.7882113523316,114.99199189264412,538.0325708749613,-0.025573812284154396,-0.07373971881553855,114.99199189264412,-0.9355461888207657,230.91952997410903
sensor2_off,sqi_amp,0.83,0.9511201629327902,22,467,111.7882113523316,114.99199189264412,538.0325708749613,-0.025573812284154396,-0.07373971881553855,114.99199189264412,-0.9355461888207657,230.91952997410903
sensor2_off,sqi_amp,0.84,0.9511201629327902,22,467,111.7882113523316,114.99199189264412,538.0325708749613,-0.025573812284154396,-0.07373971881553855,114.99199189264412,-0.9355461888207657,230.91952997410903
sensor2_off,sqi_amp,0.85,0.9511201629327902,22,467,111.7882113523316,114.99199189264412,538.0325708749613,-0.025573812284154396,-0.07373971881553855,114.99199189264412,-0.9355461888207657,230.91952997410903
sensor2_off,sqi_amp,0.86,0.9511201629327902,22,467,111.7882113523316,114.99199189264412,538.0325708749613,-0.025573812284154396,-0.07373971881553855,114.99199189264412,-0.9355461888207657,230.91952997410903
sensor2_off,sqi_amp,0.87,0.9511201629327902,22,467,111.7882113523316,114.99199189264412,538.0325708749613,-0.025573812284154396,-0.07373971881553855,114.99199189264412,-0.9355461888207657,230.91952997410903
sensor2_off,sqi_amp,0.88,0.9511201629327902,22,467,111.7882113523316,114.99199189264412,538.0325708749613,-0.025573812284154396,-0.07373971881553855,114.99199189264412,-0.9355461888207657,230.91952997410903
sensor2_off,sqi_amp,0.89,0.9511201629327902,22,467,111.7882113523316,114.99199189264412,538.0325708749613,-0.025573812284154396,-0.07373971881553855,114.99199189264412,-0.9355461888207657,230.91952997410903
sensor2_off,sqi_amp,0.9,0.9511201629327902,22,467,111.7882113523316,114.99199189264412,538.0325708749613,-0.025573812284154396,-0.07373971881553855,114.99199189264412,-0.9355461888207657,230.91952997410903
sensor2_off,sqi_amp,0.91,0.9511201629327902,22,467,111.7882113523316,114.99199189264412,538.0325708749613,-0.025573812284154396,-0.07373971881553855,114.99199189264412,-0.9355461888207657,230.91952997410903
sensor2_off,sqi_amp,0.92,0.9511201629327902,22,467,111.7882113523316,114.99199189264412,538.0325708749613,-0.025573812284154396,-0.07373971881553855,114.99199189264412,-0.9355461888207657,230.91952997410903
sensor2_off,sqi_amp,0.93,0.9511201629327902,22,467,111.7882113523316,114.99199189264412,538.0325708749613,-0.025573812284154396,-0.07373971881553855,114.99199189264412,-0.9355461888207657,230.91952997410903
sensor2_off,sqi_amp,0.94,0.9511201629327902,22,467,111.7882113523316,114.99199189264412,538.0325708749613,-0.025573812284154396,-0.07373971881553855,114.99199189264412,-0.9355461888207657,230.91952997410903
sensor2_off,sqi_amp,0.95,0.9511201629327902,22,467,111.7882113523316,114.99199189264412,538.0325708749613,-0.025573812284154396,-0.07373971881553855,114.99199189264412,-0.9355461888207657,230.91952997410903
sensor2_off,sqi_amp,0.96,0.9511201629327902,22,467,111.7882113523316,114.99199189264412,538.0325708749613,-0.025573812284154396,-0.07373971881553855,114.99199189264412,-0.9355461888207657,230.91952997410903
sensor2_off,sqi_amp,0.97,0.9511201629327902,22,467,111.7882113523316,114.99199189264412,538.0325708749613,-0.025573812284154396,-0.07373971881553855,114.99199189264412,-0.9355461888207657,230.91952997410903
sensor2_off,sqi_amp,0.98,0.9511201629327902,22,467,111.7882113523316,114.99199189264412,538.0325708749613,-0.025573812284154396,-0.07373971881553855,114.99199189264412,-0.9355461888207657,230.91952997410903
sensor2_off,sqi_amp,0.99,0.9511201629327902,22,467,111.7882113523316,114.99199189264412,538.0325708749613,-0.025573812284154396,-0.07373971881553855,114.99199189264412,-0.9355461888207657,230.91952997410903
sensor2_off,sqi_amp,1.0,0.9511201629327902,22,467,111.7882113523316,114.99199189264412,538.0325708749613,-0.025573812284154396,-0.07373971881553855,114.99199189264412,-0.9355461888207657,230.91952997410903
sensor2_off,sqi_per,0.0,0.9572301425661914,22,470,110.59871134599287,114.75226297187827,542.6589506070817,-0.013678331421147952,-0.06097064079359195,114.75226297187827,-0.95639317223484,230.46091911599137
sensor2_off,sqi_per,0.05,0.9572301425661914,22,470,110.59871134599287,114.75226297187827,542.6589506070817,-0.013678331421147952,-0.06097064079359195,114.75226297187827,-0.95639317223484,230.46091911599137
sensor2_off,sqi_per,0.1,0.9572301425661914,22,470,110.59871134599287,114.75226297187827,542.6589506070817,-0.013678331421147952,-0.06097064079359195,114.75226297187827,-0.95639317223484,230.46091911599137
sensor2_off,sqi_per,0.15,0.9572301425661914,22,470,110.59871134599287,114.75226297187827,542.6589506070817,-0.013678331421147952,-0.06097064079359195,114.75226297187827,-0.95639317223484,230.46091911599137
sensor2_off,sqi_per,0.2,0.9572301425661914,22,470,110.59871134599287,114.75226297187827,542.6589506070817,-0.013678331421147952,-0.06097064079359195,114.75226297187827,-0.95639317223484,230.46091911599137
sensor2_off,sqi_per,0.25,0.9572301425661914,22,470,110.59871134599287,114.75226297187827,542.6589506070817,-0.013678331421147952,-0.06097064079359195,114.75226297187827,-0.95639317223484,230.46091911599137
sensor2_off,sqi_per,0.3,0.9572301425661914,22,470,110.59871134599287,114.75226297187827,542.6589506070817,-0.013678331421147952,-0.06097064079359195,114.75226297187827,-0.95639317223484,230.46091911599137
sensor2_off,sqi_per,0.35,0.9572301425661914,22,470,110.59871134599287,114.75226297187827,542.6589506070817,-0.013678331421147952,-0.06097064079359195,114.75226297187827,-0.95639317223484,230.46091911599137
sensor2_off,sqi_per,0.4,0.9572301425661914,22,470,110.59871134599287,114.75226297187827,542.6589506070817,-0.013678331421147952,-0.06097064079359195,114.75226297187827,-0.95639317223484,230.46091911599137
sensor2_off,sqi_per,0.45,0.9572301425661914,22,470,110.59871134599287,114.75226297187827,542.6589506070817,-0.013678331421147952,-0.06097064079359195,114.75226297187827,-0.95639317223484,230.46091911599137
sensor2_off,sqi_per,0.5,0.9572301425661914,22,470,110.59871134599287,114.75226297187827,542.6589506070817,-0.013678331421147952,-0.06097064079359195,114.75226297187827,-0.95639317223484,230.46091911599137
sensor2_off,sqi_per,0.55,0.9572301425661914,22,470,110.59871134599287,114.75226297187827,542.6589506070817,-0.013678331421147952,-0.06097064079359195,114.75226297187827,-0.95639317223484,230.46091911599137
sensor2_off,sqi_per,0.6,0.9572301425661914,22,470,110.59871134599287,114.75226297187827,542.6589506070817,-0.013678331421147952,-0.06097064079359195,114.75226297187827,-0.95639317223484,230.46091911599137
sensor2_off,sqi_per,0.65,0.9572301425661914,22,470,110.59871134599287,114.75226297187827,542.6589506070817,-0.013678331421147952,-0.06097064079359195,114.75226297187827,-0.95639317223484,230.46091911599137
sensor2_off,sqi_per,0.7,0.9572301425661914,22,470,110.59871134599287,114.75226297187827,542.6589506070817,-0.013678331421147952,-0.06097064079359195,114.75226297187827,-0.95639317223484,230.46091911599137
sensor2_off,sqi_per,0.75,0.9572301425661914,22,470,110.59871134599287,114.75226297187827,542.6589506070817,-0.013678331421147952,-0.06097064079359195,114.75226297187827,-0.95639317223484,230.46091911599137
sensor2_off,sqi_per,0.8,0.9572301425661914,22,470,110.59871134599287,114.75226297187827,542.6589506070817,-0.013678331421147952,-0.06097064079359195,114.75226297187827,-0.95639317223484,230.46091911599137
sensor2_off,sqi_per,0.81,0.9572301425661914,22,470,110.59871134599287,114.75226297187827,542.6589506070817,-0.013678331421147952,-0.06097064079359195,114.75226297187827,-0.95639317223484,230.46091911599137
sensor2_off,sqi_per,0.82,0.9572301425661914,22,470,110.59871134599287,114.75226297187827,542.6589506070817,-0.013678331421147952,-0.06097064079359195,114.75226297187827,-0.95639317223484,230.46091911599137
sensor2_off,sqi_per,0.83,0.9572301425661914,22,470,110.59871134599287,114.75226297187827,542.6589506070817,-0.013678331421147952,-0.06097064079359195,114.75226297187827,-0.95639317223484,230.46091911599137
sensor2_off,sqi_per,0.84,0.9572301425661914,22,470,110.59871134599287,114.75226297187827,542.6589506070817,-0.013678331421147952,-0.06097064079359195,114.75226297187827,-0.95639317223484,230.46091911599137
sensor2_off,sqi_per,0.85,0.9531568228105907,22,468,109.82192447444594,114.61459409675143,542.6589506070817,-0.01253721359013029,-0.05985222193185608,114.61459409675143,-1.1934293886027945,230.42261758210566
sensor2_off,sqi_per,0.86,0.9490835030549898,22,466,109.6236764070406,114.25746963600434,538.2450930723763,-0.011866794423712655,-0.06002032111970183,114.25746963600434,-1.19391701400626,229.70885628601496
sensor2_off,sqi_per,0.87,0.9429735234215886,22,463,109.32195850677196,113.98127397862625,538.0325708749613,-0.016976056498656775,-0.06453644673773623,113.98127397862625,-1.6207200196515288,229.58326797690404
sensor2_off,sqi_per,0.88,0.9327902240325866,22,458,108.86278891573394,113.63453776461554,537.5906024068586,-0.022511010840420932,-0.07041509136777796,113.63453776461554,-2.3067105793111438,229.57578610854222
sensor2_off,sqi_per,0.89,0.9083503054989817,22,446,106.82831911080352,112.70765170538745,526.4817853036581,-0.019056783622883145,-0.06718625901523366,112.70765170538745,-3.829847593766445,229.24515100454136
sensor2_off,sqi_per,0.9,0.8716904276985743,22,428,106.47349647412369,111.5923939037293,517.8224663725653,-0.020937801508417734,-0.07574278317602363,111.5923939037293,-4.256547212324051,227.44133501978266
sensor2_off,sqi_per,0.91,0.8187372708757638,22,402,103.05786769747539,110.091927562715,502.8054388045639,-0.021862608049106422,-0.07159382346667613,110.091927562715,-6.992178946405261,227.17603407183526
sensor2_off,sqi_per,0.92,0.7046843177189409,22,346,98.50986942836039,105.70225412443574,453.93415282619287,-0.02172374079003663,-0.07371191551031966,105.70225412443574,-10.43035685979953,221.834865108671
sensor2_off,sqi_per,0.93,0.5967413441955194,22,293,88.55314475152343,97.42275152028678,398.0910714948997,0.004993887078810504,-0.03916184267900437,97.42275152028678,-12.310812758283816,207.15631579885738
sensor2_off,sqi_per,0.94,0.4317718940936864,22,212,72.223141620555,83.30381114446648,317.7537673781675,-0.0634865529508987,-0.06718699031351662,83.30381114446648,-18.636665148271717,185.24428743720466
sensor2_off,sqi_per,0.95,0.28105906313645623,16,138,53.469206150334834,64.64650900348212,276.44253490524216,-0.06704371785432757,-0.0391082881076922,64.64650900348212,-13.407875092782803,142.70089309974705
sensor2_off,sqi_per,0.96,0.16089613034623218,14,79,47.94923266257375,57.53973482630711,288.9479936959276,-0.06093097564934017,-0.03712268743914314,57.53973482630711,-17.37680414513943,132.45627379775365
sensor2_off,sqi_per,0.97,0.04480651731160896,7,22,51.07157717739733,52.26998419556722,296.0941997888996,-0.017632818349101353,-0.1902879728966686,52.26998419556722,-0.709531412134524,105.24949980326896
sensor2_off,sqi_per,0.98,0.0,0,0,,,,,,,,
sensor2_off,sqi_per,0.99,0.0,0,0,,,,,,,,
sensor2_off,sqi_per,1.0,0.0,0,0,,,,,,,,
inverted_off,sqi_full,0.0,0.9735234215885947,22,478,18.12675162015907,44.20314079248122,86.14705935469873,0.05609539026684439,0.08125338535628543,44.10694885120049,-65.59219058350928,153.80608828591028
inverted_off,sqi_full,0.05,0.9735234215885947,22,478,18.12675162015907,44.20314079248122,86.14705935469873,0.05609539026684439,0.08125338535628543,44.10694885120049,-65.59219058350928,153.80608828591028
inverted_off,sqi_full,0.1,0.9735234215885947,22,478,18.12675162015907,44.20314079248122,86.14705935469873,0.05609539026684439,0.08125338535628543,44.10694885120049,-65.59219058350928,153.80608828591028
inverted_off,sqi_full,0.15,0.9735234215885947,22,478,18.12675162015907,44.20314079248122,86.14705935469873,0.05609539026684439,0.08125338535628543,44.10694885120049,-65.59219058350928,153.80608828591028
inverted_off,sqi_full,0.2,0.9735234215885947,22,478,18.12675162015907,44.20314079248122,86.14705935469873,0.05609539026684439,0.08125338535628543,44.10694885120049,-65.59219058350928,153.80608828591028
inverted_off,sqi_full,0.25,0.9735234215885947,22,478,18.12675162015907,44.20314079248122,86.14705935469873,0.05609539026684439,0.08125338535628543,44.10694885120049,-65.59219058350928,153.80608828591028
inverted_off,sqi_full,0.3,0.9735234215885947,22,478,18.12675162015907,44.20314079248122,86.14705935469873,0.05609539026684439,0.08125338535628543,44.10694885120049,-65.59219058350928,153.80608828591028
inverted_off,sqi_full,0.35,0.9735234215885947,22,478,18.12675162015907,44.20314079248122,86.14705935469873,0.05609539026684439,0.08125338535628543,44.10694885120049,-65.59219058350928,153.80608828591028
inverted_off,sqi_full,0.4,0.9735234215885947,22,478,18.12675162015907,44.20314079248122,86.14705935469873,0.05609539026684439,0.08125338535628543,44.10694885120049,-65.59219058350928,153.80608828591028
inverted_off,sqi_full,0.45,0.9735234215885947,22,478,18.12675162015907,44.20314079248122,86.14705935469873,0.05609539026684439,0.08125338535628543,44.10694885120049,-65.59219058350928,153.80608828591028
inverted_off,sqi_full,0.5,0.9735234215885947,22,478,18.12675162015907,44.20314079248122,86.14705935469873,0.05609539026684439,0.08125338535628543,44.10694885120049,-65.59219058350928,153.80608828591028
inverted_off,sqi_full,0.55,0.9735234215885947,22,478,18.12675162015907,44.20314079248122,86.14705935469873,0.05609539026684439,0.08125338535628543,44.10694885120049,-65.59219058350928,153.80608828591028
inverted_off,sqi_full,0.6,0.9735234215885947,22,478,18.12675162015907,44.20314079248122,86.14705935469873,0.05609539026684439,0.08125338535628543,44.10694885120049,-65.59219058350928,153.80608828591028
inverted_off,sqi_full,0.65,0.9735234215885947,22,478,18.12675162015907,44.20314079248122,86.14705935469873,0.05609539026684439,0.08125338535628543,44.10694885120049,-65.59219058350928,153.80608828591028
inverted_off,sqi_full,0.7,0.9735234215885947,22,478,18.12675162015907,44.20314079248122,86.14705935469873,0.05609539026684439,0.08125338535628543,44.10694885120049,-65.59219058350928,153.80608828591028
inverted_off,sqi_full,0.75,0.9735234215885947,22,478,18.12675162015907,44.20314079248122,86.14705935469873,0.05609539026684439,0.08125338535628543,44.10694885120049,-65.59219058350928,153.80608828591028
inverted_off,sqi_full,0.8,0.9735234215885947,22,478,18.12675162015907,44.20314079248122,86.14705935469873,0.05609539026684439,0.08125338535628543,44.10694885120049,-65.59219058350928,153.80608828591028
inverted_off,sqi_full,0.81,0.9735234215885947,22,478,18.12675162015907,44.20314079248122,86.14705935469873,0.05609539026684439,0.08125338535628543,44.10694885120049,-65.59219058350928,153.80608828591028
inverted_off,sqi_full,0.82,0.9735234215885947,22,478,18.12675162015907,44.20314079248122,86.14705935469873,0.05609539026684439,0.08125338535628543,44.10694885120049,-65.59219058350928,153.80608828591028
inverted_off,sqi_full,0.83,0.9735234215885947,22,478,18.12675162015907,44.20314079248122,86.14705935469873,0.05609539026684439,0.08125338535628543,44.10694885120049,-65.59219058350928,153.80608828591028
inverted_off,sqi_full,0.84,0.9735234215885947,22,478,18.12675162015907,44.20314079248122,86.14705935469873,0.05609539026684439,0.08125338535628543,44.10694885120049,-65.59219058350928,153.80608828591028
inverted_off,sqi_full,0.85,0.9735234215885947,22,478,18.12675162015907,44.20314079248122,86.14705935469873,0.05609539026684439,0.08125338535628543,44.10694885120049,-65.59219058350928,153.80608828591028
inverted_off,sqi_full,0.86,0.9735234215885947,22,478,18.12675162015907,44.20314079248122,86.14705935469873,0.05609539026684439,0.08125338535628543,44.10694885120049,-65.59219058350928,153.80608828591028
inverted_off,sqi_full,0.87,0.9735234215885947,22,478,18.12675162015907,44.20314079248122,86.14705935469873,0.05609539026684439,0.08125338535628543,44.10694885120049,-65.59219058350928,153.80608828591028
inverted_off,sqi_full,0.88,0.9735234215885947,22,478,18.12675162015907,44.20314079248122,86.14705935469873,0.05609539026684439,0.08125338535628543,44.10694885120049,-65.59219058350928,153.80608828591028
inverted_off,sqi_full,0.89,0.9714867617107943,22,477,18.02297445016616,44.074595233023146,85.95244658481187,0.05549566016789784,0.07988965128653326,43.97820163148817,-65.69714006977125,153.6535433327476
inverted_off,sqi_full,0.9,0.9714867617107943,22,477,18.02297445016616,44.074595233023146,85.95244658481187,0.05549566016789784,0.07988965128653326,43.97820163148817,-65.69714006977125,153.6535433327476
inverted_off,sqi_full,0.91,0.9714867617107943,22,477,18.02297445016616,44.074595233023146,85.95244658481187,0.05549566016789784,0.07988965128653326,43.97820163148817,-65.69714006977125,153.6535433327476
inverted_off,sqi_full,0.92,0.9633401221995926,22,473,17.514416237467753,43.15380321415606,85.27010667841375,0.05864591892512277,0.08113323505822789,43.0565944447434,-64.9431232358427,151.05631212532953
inverted_off,sqi_full,0.93,0.9511201629327902,22,467,16.930035666742235,42.42380400372525,82.50234865511433,0.059497340557878226,0.07927454542075152,42.32534629937368,-65.22800604691275,149.8786986456601
inverted_off,sqi_full,0.94,0.9307535641547862,22,457,15.563026598722395,40.068447778810096,78.25045719749224,0.06857040185793022,0.08418881560052902,39.96783563891472,-63.70192628450678,143.63759756233623
inverted_off,sqi_full,0.95,0.8879837067209776,22,436,13.294961734809652,34.96120543319312,67.9325306157307,0.09605278676122705,0.10632508852979682,34.85574729573398,-57.77129605084943,127.48279064231738
inverted_off,sqi_full,0.96,0.8187372708757638,22,402,11.451832304970301,26.394339208756566,53.903104832426344,0.09130348383948231,0.08988417857083988,26.279961726338193,-40.65240259497356,93.21232604764995
inverted_off,sqi_full,0.97,0.7556008146639511,22,371,10.543140499632305,22.383480963842224,48.323123392739866,0.02887551973103551,0.043581759258405295,22.259546333297244,-34.52317826793718,79.04227093453167
inverted_off,sqi_full,0.98,0.4745417515274949,21,233,8.497065955986518,13.412595519229415,41.91683751025372,0.24981635192345483,0.21503583535304813,13.296145014476375,-13.291740121585478,39.88403015053823
inverted_off,sqi_full,0.99,0.032586558044806514,6,16,5.854193090064054,7.811853855116632,119.42947290794463,0.7092882418069955,0.7558823529411764,7.811853855116632,-5.442944738666056,21.06665244889932
inverted_off,sqi_full,1.0,0.0,0,0,,,,,,,,
inverted_off,sqi_amp,0.0,0.9735234215885947,22,478,18.12675162015907,44.20314079248122,86.14705935469873,0.05609539026684439,0.08125338535628543,44.10694885120049,-65.59219058350928,153.80608828591028
inverted_off,sqi_amp,0.05,0.9735234215885947,22,478,18.12675162015907,44.20314079248122,86.14705935469873,0.05609539026684439,0.08125338535628543,44.10694885120049,-65.59219058350928,153.80608828591028
inverted_off,sqi_amp,0.1,0.9735234215885947,22,478,18.12675162015907,44.20314079248122,86.14705935469873,0.05609539026684439,0.08125338535628543,44.10694885120049,-65.59219058350928,153.80608828591028
inverted_off,sqi_amp,0.15,0.9735234215885947,22,478,18.12675162015907,44.20314079248122,86.14705935469873,0.05609539026684439,0.08125338535628543,44.10694885120049,-65.59219058350928,153.80608828591028
inverted_off,sqi_amp,0.2,0.9735234215885947,22,478,18.12675162015907,44.20314079248122,86.14705935469873,0.05609539026684439,0.08125338535628543,44.10694885120049,-65.59219058350928,153.80608828591028
inverted_off,sqi_amp,0.25,0.9735234215885947,22,478,18.12675162015907,44.20314079248122,86.14705935469873,0.05609539026684439,0.08125338535628543,44.10694885120049,-65.59219058350928,153.80608828591028
inverted_off,sqi_amp,0.3,0.9735234215885947,22,478,18.12675162015907,44.20314079248122,86.14705935469873,0.05609539026684439,0.08125338535628543,44.10694885120049,-65.59219058350928,153.80608828591028
inverted_off,sqi_amp,0.35,0.9735234215885947,22,478,18.12675162015907,44.20314079248122,86.14705935469873,0.05609539026684439,0.08125338535628543,44.10694885120049,-65.59219058350928,153.80608828591028
inverted_off,sqi_amp,0.4,0.9735234215885947,22,478,18.12675162015907,44.20314079248122,86.14705935469873,0.05609539026684439,0.08125338535628543,44.10694885120049,-65.59219058350928,153.80608828591028
inverted_off,sqi_amp,0.45,0.9735234215885947,22,478,18.12675162015907,44.20314079248122,86.14705935469873,0.05609539026684439,0.08125338535628543,44.10694885120049,-65.59219058350928,153.80608828591028
inverted_off,sqi_amp,0.5,0.9735234215885947,22,478,18.12675162015907,44.20314079248122,86.14705935469873,0.05609539026684439,0.08125338535628543,44.10694885120049,-65.59219058350928,153.80608828591028
inverted_off,sqi_amp,0.55,0.9735234215885947,22,478,18.12675162015907,44.20314079248122,86.14705935469873,0.05609539026684439,0.08125338535628543,44.10694885120049,-65.59219058350928,153.80608828591028
inverted_off,sqi_amp,0.6,0.9735234215885947,22,478,18.12675162015907,44.20314079248122,86.14705935469873,0.05609539026684439,0.08125338535628543,44.10694885120049,-65.59219058350928,153.80608828591028
inverted_off,sqi_amp,0.65,0.9735234215885947,22,478,18.12675162015907,44.20314079248122,86.14705935469873,0.05609539026684439,0.08125338535628543,44.10694885120049,-65.59219058350928,153.80608828591028
inverted_off,sqi_amp,0.7,0.9735234215885947,22,478,18.12675162015907,44.20314079248122,86.14705935469873,0.05609539026684439,0.08125338535628543,44.10694885120049,-65.59219058350928,153.80608828591028
inverted_off,sqi_amp,0.75,0.9735234215885947,22,478,18.12675162015907,44.20314079248122,86.14705935469873,0.05609539026684439,0.08125338535628543,44.10694885120049,-65.59219058350928,153.80608828591028
inverted_off,sqi_amp,0.8,0.9735234215885947,22,478,18.12675162015907,44.20314079248122,86.14705935469873,0.05609539026684439,0.08125338535628543,44.10694885120049,-65.59219058350928,153.80608828591028
inverted_off,sqi_amp,0.81,0.9735234215885947,22,478,18.12675162015907,44.20314079248122,86.14705935469873,0.05609539026684439,0.08125338535628543,44.10694885120049,-65.59219058350928,153.80608828591028
inverted_off,sqi_amp,0.82,0.9735234215885947,22,478,18.12675162015907,44.20314079248122,86.14705935469873,0.05609539026684439,0.08125338535628543,44.10694885120049,-65.59219058350928,153.80608828591028
inverted_off,sqi_amp,0.83,0.9735234215885947,22,478,18.12675162015907,44.20314079248122,86.14705935469873,0.05609539026684439,0.08125338535628543,44.10694885120049,-65.59219058350928,153.80608828591028
inverted_off,sqi_amp,0.84,0.9735234215885947,22,478,18.12675162015907,44.20314079248122,86.14705935469873,0.05609539026684439,0.08125338535628543,44.10694885120049,-65.59219058350928,153.80608828591028
inverted_off,sqi_amp,0.85,0.9735234215885947,22,478,18.12675162015907,44.20314079248122,86.14705935469873,0.05609539026684439,0.08125338535628543,44.10694885120049,-65.59219058350928,153.80608828591028
inverted_off,sqi_amp,0.86,0.9735234215885947,22,478,18.12675162015907,44.20314079248122,86.14705935469873,0.05609539026684439,0.08125338535628543,44.10694885120049,-65.59219058350928,153.80608828591028
inverted_off,sqi_amp,0.87,0.9735234215885947,22,478,18.12675162015907,44.20314079248122,86.14705935469873,0.05609539026684439,0.08125338535628543,44.10694885120049,-65.59219058350928,153.80608828591028
inverted_off,sqi_amp,0.88,0.9735234215885947,22,478,18.12675162015907,44.20314079248122,86.14705935469873,0.05609539026684439,0.08125338535628543,44.10694885120049,-65.59219058350928,153.80608828591028
inverted_off,sqi_amp,0.89,0.9735234215885947,22,478,18.12675162015907,44.20314079248122,86.14705935469873,0.05609539026684439,0.08125338535628543,44.10694885120049,-65.59219058350928,153.80608828591028
inverted_off,sqi_amp,0.9,0.9735234215885947,22,478,18.12675162015907,44.20314079248122,86.14705935469873,0.05609539026684439,0.08125338535628543,44.10694885120049,-65.59219058350928,153.80608828591028
inverted_off,sqi_amp,0.91,0.9735234215885947,22,478,18.12675162015907,44.20314079248122,86.14705935469873,0.05609539026684439,0.08125338535628543,44.10694885120049,-65.59219058350928,153.80608828591028
inverted_off,sqi_amp,0.92,0.9735234215885947,22,478,18.12675162015907,44.20314079248122,86.14705935469873,0.05609539026684439,0.08125338535628543,44.10694885120049,-65.59219058350928,153.80608828591028
inverted_off,sqi_amp,0.93,0.9735234215885947,22,478,18.12675162015907,44.20314079248122,86.14705935469873,0.05609539026684439,0.08125338535628543,44.10694885120049,-65.59219058350928,153.80608828591028
inverted_off,sqi_amp,0.94,0.9735234215885947,22,478,18.12675162015907,44.20314079248122,86.14705935469873,0.05609539026684439,0.08125338535628543,44.10694885120049,-65.59219058350928,153.80608828591028
inverted_off,sqi_amp,0.95,0.9735234215885947,22,478,18.12675162015907,44.20314079248122,86.14705935469873,0.05609539026684439,0.08125338535628543,44.10694885120049,-65.59219058350928,153.80608828591028
inverted_off,sqi_amp,0.96,0.9735234215885947,22,478,18.12675162015907,44.20314079248122,86.14705935469873,0.05609539026684439,0.08125338535628543,44.10694885120049,-65.59219058350928,153.80608828591028
inverted_off,sqi_amp,0.97,0.9735234215885947,22,478,18.12675162015907,44.20314079248122,86.14705935469873,0.05609539026684439,0.08125338535628543,44.10694885120049,-65.59219058350928,153.80608828591028
inverted_off,sqi_amp,0.98,0.9735234215885947,22,478,18.12675162015907,44.20314079248122,86.14705935469873,0.05609539026684439,0.08125338535628543,44.10694885120049,-65.59219058350928,153.80608828591028
inverted_off,sqi_amp,0.99,0.9735234215885947,22,478,18.12675162015907,44.20314079248122,86.14705935469873,0.05609539026684439,0.08125338535628543,44.10694885120049,-65.59219058350928,153.80608828591028
inverted_off,sqi_amp,1.0,0.9735234215885947,22,478,18.12675162015907,44.20314079248122,86.14705935469873,0.05609539026684439,0.08125338535628543,44.10694885120049,-65.59219058350928,153.80608828591028
inverted_off,sqi_per,0.0,0.9735234215885947,22,478,18.12675162015907,44.20314079248122,86.14705935469873,0.05609539026684439,0.08125338535628543,44.10694885120049,-65.59219058350928,153.80608828591028
inverted_off,sqi_per,0.05,0.9735234215885947,22,478,18.12675162015907,44.20314079248122,86.14705935469873,0.05609539026684439,0.08125338535628543,44.10694885120049,-65.59219058350928,153.80608828591028
inverted_off,sqi_per,0.1,0.9735234215885947,22,478,18.12675162015907,44.20314079248122,86.14705935469873,0.05609539026684439,0.08125338535628543,44.10694885120049,-65.59219058350928,153.80608828591028
inverted_off,sqi_per,0.15,0.9735234215885947,22,478,18.12675162015907,44.20314079248122,86.14705935469873,0.05609539026684439,0.08125338535628543,44.10694885120049,-65.59219058350928,153.80608828591028
inverted_off,sqi_per,0.2,0.9735234215885947,22,478,18.12675162015907,44.20314079248122,86.14705935469873,0.05609539026684439,0.08125338535628543,44.10694885120049,-65.59219058350928,153.80608828591028
inverted_off,sqi_per,0.25,0.9735234215885947,22,478,18.12675162015907,44.20314079248122,86.14705935469873,0.05609539026684439,0.08125338535628543,44.10694885120049,-65.59219058350928,153.80608828591028
inverted_off,sqi_per,0.3,0.9735234215885947,22,478,18.12675162015907,44.20314079248122,86.14705935469873,0.05609539026684439,0.08125338535628543,44.10694885120049,-65.59219058350928,153.80608828591028
inverted_off,sqi_per,0.35,0.9735234215885947,22,478,18.12675162015907,44.20314079248122,86.14705935469873,0.05609539026684439,0.08125338535628543,44.10694885120049,-65.59219058350928,153.80608828591028
inverted_off,sqi_per,0.4,0.9735234215885947,22,478,18.12675162015907,44.20314079248122,86.14705935469873,0.05609539026684439,0.08125338535628543,44.10694885120049,-65.59219058350928,153.80608828591028
inverted_off,sqi_per,0.45,0.9735234215885947,22,478,18.12675162015907,44.20314079248122,86.14705935469873,0.05609539026684439,0.08125338535628543,44.10694885120049,-65.59219058350928,153.80608828591028
inverted_off,sqi_per,0.5,0.9735234215885947,22,478,18.12675162015907,44.20314079248122,86.14705935469873,0.05609539026684439,0.08125338535628543,44.10694885120049,-65.59219058350928,153.80608828591028
inverted_off,sqi_per,0.55,0.9735234215885947,22,478,18.12675162015907,44.20314079248122,86.14705935469873,0.05609539026684439,0.08125338535628543,44.10694885120049,-65.59219058350928,153.80608828591028
inverted_off,sqi_per,0.6,0.9735234215885947,22,478,18.12675162015907,44.20314079248122,86.14705935469873,0.05609539026684439,0.08125338535628543,44.10694885120049,-65.59219058350928,153.80608828591028
inverted_off,sqi_per,0.65,0.9735234215885947,22,478,18.12675162015907,44.20314079248122,86.14705935469873,0.05609539026684439,0.08125338535628543,44.10694885120049,-65.59219058350928,153.80608828591028
inverted_off,sqi_per,0.7,0.9735234215885947,22,478,18.12675162015907,44.20314079248122,86.14705935469873,0.05609539026684439,0.08125338535628543,44.10694885120049,-65.59219058350928,153.80608828591028
inverted_off,sqi_per,0.75,0.9735234215885947,22,478,18.12675162015907,44.20314079248122,86.14705935469873,0.05609539026684439,0.08125338535628543,44.10694885120049,-65.59219058350928,153.80608828591028
inverted_off,sqi_per,0.8,0.9735234215885947,22,478,18.12675162015907,44.20314079248122,86.14705935469873,0.05609539026684439,0.08125338535628543,44.10694885120049,-65.59219058350928,153.80608828591028
inverted_off,sqi_per,0.81,0.9714867617107943,22,477,18.02297445016616,44.074595233023146,85.95244658481187,0.05549566016789784,0.07988965128653326,43.97820163148817,-65.69714006977125,153.6535433327476
inverted_off,sqi_per,0.82,0.9714867617107943,22,477,18.02297445016616,44.074595233023146,85.95244658481187,0.05549566016789784,0.07988965128653326,43.97820163148817,-65.69714006977125,153.6535433327476
inverted_off,sqi_per,0.83,0.9714867617107943,22,477,18.02297445016616,44.074595233023146,85.95244658481187,0.05549566016789784,0.07988965128653326,43.97820163148817,-65.69714006977125,153.6535433327476
inverted_off,sqi_per,0.84,0.9714867617107943,22,477,18.02297445016616,44.074595233023146,85.95244658481187,0.05549566016789784,0.07988965128653326,43.97820163148817,-65.69714006977125,153.6535433327476
inverted_off,sqi_per,0.85,0.9714867617107943,22,477,18.02297445016616,44.074595233023146,85.95244658481187,0.05549566016789784,0.07988965128653326,43.97820163148817,-65.69714006977125,153.6535433327476
inverted_off,sqi_per,0.86,0.9653767820773931,22,474,17.640404536021485,43.33458106295626,85.29406695844514,0.05730398078395588,0.07955711215939519,43.237577375335604,-64.92398411999923,151.39913887067044
inverted_off,sqi_per,0.87,0.9633401221995926,22,473,17.514416237467753,43.15380321415606,85.27010667841375,0.05864591892512277,0.08113323505822789,43.0565944447434,-64.9431232358427,151.05631212532953
inverted_off,sqi_per,0.88,0.9531568228105907,22,468,16.964594392628037,42.5868867513675,83.0710379419419,0.057639586155477415,0.07644730662425768,42.48863942672607,-65.17236952703432,150.14964838048644
inverted_off,sqi_per,0.89,0.9409368635437881,22,462,16.4731656219295,41.132772646151174,80.35748389533848,0.06617164459128769,0.08325316705354675,41.03324938222868,-64.07034320679807,146.13684197125545
inverted_off,sqi_per,0.9,0.9307535641547862,22,457,15.563026598722395,40.068447778810096,78.25045719749224,0.06857040185793022,0.08418881560052902,39.96783563891472,-63.70192628450678,143.63759756233623
inverted_off,sqi_per,0.91,0.9083503054989817,22,446,14.425075504569591,36.88885885058452,71.23263343849399,0.08920827416713015,0.10162745342904951,36.7857652453554,-59.002060596617504,132.5735910873283
inverted_off,sqi_per,0.92,0.8737270875763747,22,429,12.615254204830016,33.098981369101956,65.02164360213169,0.09071039205597138,0.10670529615427546,32.99180246949312,-55.45739207127049,121.44099701025674
inverted_off,sqi_per,0.93,0.8289205702647657,22,407,11.655163033671466,27.72570338803654,55.976121264491596,0.0682100646334822,0.08233405988213996,27.612731034394805,-44.69059581644738,99.916057885237
inverted_off,sqi_per,0.94,0.7963340122199593,22,391,10.831677113120207,24.83913453899202,51.825131053087745,0.05317122211130822,0.05746978009279539,24.721539275738337,-38.67852472154949,88.12160327302617
inverted_off,sqi_per,0.95,0.7556008146639511,22,371,10.543140499632305,22.383480963842224,48.323123392739866,0.02887551973103551,0.043581759258405295,22.259546333297244,-34.52317826793718,79.04227093453167
inverted_off,sqi_per,0.96,0.6517311608961304,22,320,9.037796428899902,17.393277914516023,43.23096947852448,0.1604541589287645,0.13962991639596606,17.292289316669844,-21.5445648336449,56.12914346698459
inverted_off,sqi_per,0.97,0.384928716904277,20,189,7.991255082872783,12.007693661273326,41.56250103362564,0.40116229653956215,0.3083561333991903,11.86745580211615,-10.526066352267547,34.26097795649984
inverted_off,sqi_per,0.98,0.07128309572301425,12,35,6.250957450323497,8.105169052809059,72.39214934865734,0.8068727795803353,0.7473389355742297,7.976043881704756,-4.608406986560576,20.56049474997009
inverted_off,sqi_per,0.99,0.0,0,0,,,,,,,,
inverted_off,sqi_per,1.0,0.0,0,0,,,,,,,,
