run,variant,tau,coverage,n_windows,n,median_abs_err,mean_abs_err,median_abs_pct_err,pearson_r,spearman_rho,ba_bias,ba_loa_low,ba_loa_high
app,sqi_full,0.0,0.6716306775874907,902,902,136.11598329406542,141.6839929801433,940.0558467404159,0.11975383014138381,0.14390323642765412,141.6839929801433,31.60299866582629,251.7649872944603
app,sqi_full,0.05,0.4013402829486225,539,539,130.45715832958834,137.06604436337074,900.2692760054676,0.12438786575866308,0.21953141227660172,137.06604436337074,35.341922364626186,238.7901663621153
app,sqi_full,0.1,0.4013402829486225,539,539,130.45715832958834,137.06604436337074,900.2692760054676,0.12438786575866308,0.21953141227660172,137.06604436337074,35.341922364626186,238.7901663621153
app,sqi_full,0.15,0.4013402829486225,539,539,130.45715832958834,137.06604436337074,900.2692760054676,0.12438786575866308,0.21953141227660172,137.06604436337074,35.341922364626186,238.7901663621153
app,sqi_full,0.2,0.4013402829486225,539,539,130.45715832958834,137.06604436337074,900.2692760054676,0.12438786575866308,0.21953141227660172,137.06604436337074,35.341922364626186,238.7901663621153
app,sqi_full,0.25,0.39166046165301566,526,526,130.31195885261803,136.61517344801842,895.3428546382378,0.123278605743564,0.21638624402364645,136.61517344801842,35.520892306785456,237.70945458925138
app,sqi_full,0.3,0.39166046165301566,526,526,130.31195885261803,136.61517344801842,895.3428546382378,0.123278605743564,0.21638624402364645,136.61517344801842,35.520892306785456,237.70945458925138
app,sqi_full,0.35,0.39166046165301566,526,526,130.31195885261803,136.61517344801842,895.3428546382378,0.123278605743564,0.21638624402364645,136.61517344801842,35.520892306785456,237.70945458925138
app,sqi_full,0.4,0.39166046165301566,526,526,130.31195885261803,136.61517344801842,895.3428546382378,0.123278605743564,0.21638624402364645,136.61517344801842,35.520892306785456,237.70945458925138
app,sqi_full,0.45,0.39166046165301566,526,526,130.31195885261803,136.61517344801842,895.3428546382378,0.123278605743564,0.21638624402364645,136.61517344801842,35.520892306785456,237.70945458925138
app,sqi_full,0.5,0.3075204765450484,413,413,128.52613544274232,133.06073974499574,878.6963692900093,0.10116277924953743,0.22579178943515918,133.06073974499574,36.33853154023814,229.78294794975335
app,sqi_full,0.55,0.3075204765450484,413,413,128.52613544274232,133.06073974499574,878.6963692900093,0.10116277924953743,0.22579178943515918,133.06073974499574,36.33853154023814,229.78294794975335
app,sqi_full,0.6,0.3075204765450484,413,413,128.52613544274232,133.06073974499574,878.6963692900093,0.10116277924953743,0.22579178943515918,133.06073974499574,36.33853154023814,229.78294794975335
app,sqi_full,0.65,0.3075204765450484,413,413,128.52613544274232,133.06073974499574,878.6963692900093,0.10116277924953743,0.22579178943515918,133.06073974499574,36.33853154023814,229.78294794975335
app,sqi_full,0.7,0.3075204765450484,413,413,128.52613544274232,133.06073974499574,878.6963692900093,0.10116277924953743,0.22579178943515918,133.06073974499574,36.33853154023814,229.78294794975335
app,sqi_full,0.75,0.2956068503350707,397,397,128.81735235435048,132.45921581438918,875.0063509324368,0.10622597952245434,0.23135956053834003,132.45921581438918,35.35704020501481,229.56139142376355
app,sqi_full,0.8,0.2956068503350707,397,397,128.81735235435048,132.45921581438918,875.0063509324368,0.10622597952245434,0.23135956053834003,132.45921581438918,35.35704020501481,229.56139142376355
app,sqi_full,0.81,0.2956068503350707,397,397,128.81735235435048,132.45921581438918,875.0063509324368,0.10622597952245434,0.23135956053834003,132.45921581438918,35.35704020501481,229.56139142376355
app,sqi_full,0.82,0.2956068503350707,397,397,128.81735235435048,132.45921581438918,875.0063509324368,0.10622597952245434,0.23135956053834003,132.45921581438918,35.35704020501481,229.56139142376355
app,sqi_full,0.83,0.2956068503350707,397,397,128.81735235435048,132.45921581438918,875.0063509324368,0.10622597952245434,0.23135956053834003,132.45921581438918,35.35704020501481,229.56139142376355
app,sqi_full,0.84,0.2956068503350707,397,397,128.81735235435048,132.45921581438918,875.0063509324368,0.10622597952245434,0.23135956053834003,132.45921581438918,35.35704020501481,229.56139142376355
app,sqi_full,0.85,0.2956068503350707,397,397,128.81735235435048,132.45921581438918,875.0063509324368,0.10622597952245434,0.23135956053834003,132.45921581438918,35.35704020501481,229.56139142376355
app,sqi_full,0.86,0.2956068503350707,397,397,128.81735235435048,132.45921581438918,875.0063509324368,0.10622597952245434,0.23135956053834003,132.45921581438918,35.35704020501481,229.56139142376355
app,sqi_full,0.87,0.2956068503350707,397,397,128.81735235435048,132.45921581438918,875.0063509324368,0.10622597952245434,0.23135956053834003,132.45921581438918,35.35704020501481,229.56139142376355
app,sqi_full,0.88,0.2956068503350707,397,397,128.81735235435048,132.45921581438918,875.0063509324368,0.10622597952245434,0.23135956053834003,132.45921581438918,35.35704020501481,229.56139142376355
app,sqi_full,0.89,0.2956068503350707,397,397,128.81735235435048,132.45921581438918,875.0063509324368,0.10622597952245434,0.23135956053834003,132.45921581438918,35.35704020501481,229.56139142376355
app,sqi_full,0.9,0.29486224869694716,396,396,128.94599827559156,132.50084641078712,875.6059614100536,0.1067275730809198,0.23246337522130311,132.50084641078712,35.28946286259337,229.71222995898086
app,sqi_full,0.91,0.29486224869694716,396,396,128.94599827559156,132.50084641078712,875.6059614100536,0.1067275730809198,0.23246337522130311,132.50084641078712,35.28946286259337,229.71222995898086
app,sqi_full,0.92,0.29411764705882354,395,395,128.81735235435048,132.27387350262504,876.2055718876704,0.10028415650983605,0.22790078195860752,132.27387350262504,35.343650717024445,229.20409628822563
app,sqi_full,0.93,0.2881608339538347,387,387,128.81735235435048,132.4788660021651,886.2107142512817,0.10699364872876876,0.2291947063755618,132.4788660021651,35.24596150325577,229.7117705010744
app,sqi_full,0.94,0.2680565897244974,360,360,129.17928126320805,132.8668106617617,902.9115144966914,0.12297449938591692,0.24814184832585232,132.8668106617617,35.77180139975533,229.96181992376805
app,sqi_full,0.95,0.21742367833209233,292,292,126.64135499923711,128.86361555670484,895.3428546382378,0.1392621000024301,0.257482078113436,128.86361555670484,39.12437282293233,218.60285829047734
app,sqi_full,0.96,0.13998510796723754,188,188,115.20531189548672,115.44841221521288,825.2396174297559,0.12654294529834287,0.16764379339787616,115.44841221521288,37.95089248592015,192.94593194450562
app,sqi_full,0.97,0.04616530156366344,62,62,96.71987460303315,96.78856152667562,736.5031966350037,-0.04294989157338148,0.1344463750598071,96.78856152667562,29.14959191462475,164.4275311387265
app,sqi_full,0.98,0.0029784065524944155,4,4,62.539131371302666,69.76078879339131,533.6800967964649,-0.7127271838776571,-0.7999999999999999,69.76078879339131,9.069182844067655,130.45239474271497
app,sqi_full,0.99,0.0,0,0,,,,,,,,
app,sqi_full,1.0,0.0,0,0,,,,,,,,
app,sqi_amp,0.0,0.6716306775874907,902,902,136.11598329406542,141.6839929801433,940.0558467404159,0.11975383014138381,0.14390323642765412,141.6839929801433,31.60299866582629,251.7649872944603
app,sqi_amp,0.05,0.4013402829486225,539,539,130.45715832958834,137.06604436337074,900.2692760054676,0.12438786575866308,0.21953141227660172,137.06604436337074,35.341922364626186,238.7901663621153
app,sqi_amp,0.1,0.4013402829486225,539,539,130.45715832958834,137.06604436337074,900.2692760054676,0.12438786575866308,0.21953141227660172,137.06604436337074,35.341922364626186,238.7901663621153
app,sqi_amp,0.15,0.4013402829486225,539,539,130.45715832958834,137.06604436337074,900.2692760054676,0.12438786575866308,0.21953141227660172,137.06604436337074,35.341922364626186,238.7901663621153
app,sqi_amp,0.2,0.4013402829486225,539,539,130.45715832958834,137.06604436337074,900.2692760054676,0.12438786575866308,0.21953141227660172,137.06604436337074,35.341922364626186,238.7901663621153
app,sqi_amp,0.25,0.4013402829486225,539,539,130.45715832958834,137.06604436337074,900.2692760054676,0.12438786575866308,0.21953141227660172,137.06604436337074,35.341922364626186,238.7901663621153
app,sqi_amp,0.3,0.39166046165301566,526,526,130.31195885261803,136.61517344801842,895.3428546382378,0.123278605743564,0.21638624402364645,136.61517344801842,35.520892306785456,237.70945458925138
app,sqi_amp,0.35,0.39166046165301566,526,526,130.31195885261803,136.61517344801842,895.3428546382378,0.123278605743564,0.21638624402364645,136.61517344801842,35.520892306785456,237.70945458925138
app,sqi_amp,0.4,0.39166046165301566,526,526,130.31195885261803,136.61517344801842,895.3428546382378,0.123278605743564,0.21638624402364645,136.61517344801842,35.520892306785456,237.70945458925138
app,sqi_amp,0.45,0.39166046165301566,526,526,130.31195885261803,136.61517344801842,895.3428546382378,0.123278605743564,0.21638624402364645,136.61517344801842,35.520892306785456,237.70945458925138
app,sqi_amp,0.5,0.39166046165301566,526,526,130.31195885261803,136.61517344801842,895.3428546382378,0.123278605743564,0.21638624402364645,136.61517344801842,35.520892306785456,237.70945458925138
app,sqi_amp,0.55,0.3075204765450484,413,413,128.52613544274232,133.06073974499574,878.6963692900093,0.10116277924953743,0.22579178943515918,133.06073974499574,36.33853154023814,229.78294794975335
app,sqi_amp,0.6,0.3075204765450484,413,413,128.52613544274232,133.06073974499574,878.6963692900093,0.10116277924953743,0.22579178943515918,133.06073974499574,36.33853154023814,229.78294794975335
app,sqi_amp,0.65,0.3075204765450484,413,413,128.52613544274232,133.06073974499574,878.6963692900093,0.10116277924953743,0.22579178943515918,133.06073974499574,36.33853154023814,229.78294794975335
app,sqi_amp,0.7,0.3075204765450484,413,413,128.52613544274232,133.06073974499574,878.6963692900093,0.10116277924953743,0.22579178943515918,133.06073974499574,36.33853154023814,229.78294794975335
app,sqi_amp,0.75,0.3075204765450484,413,413,128.52613544274232,133.06073974499574,878.6963692900093,0.10116277924953743,0.22579178943515918,133.06073974499574,36.33853154023814,229.78294794975335
app,sqi_amp,0.8,0.2956068503350707,397,397,128.81735235435048,132.45921581438918,875.0063509324368,0.10622597952245434,0.23135956053834003,132.45921581438918,35.35704020501481,229.56139142376355
app,sqi_amp,0.81,0.2956068503350707,397,397,128.81735235435048,132.45921581438918,875.0063509324368,0.10622597952245434,0.23135956053834003,132.45921581438918,35.35704020501481,229.56139142376355
app,sqi_amp,0.82,0.2956068503350707,397,397,128.81735235435048,132.45921581438918,875.0063509324368,0.10622597952245434,0.23135956053834003,132.45921581438918,35.35704020501481,229.56139142376355
app,sqi_amp,0.83,0.2956068503350707,397,397,128.81735235435048,132.45921581438918,875.0063509324368,0.10622597952245434,0.23135956053834003,132.45921581438918,35.35704020501481,229.56139142376355
app,sqi_amp,0.84,0.2956068503350707,397,397,128.81735235435048,132.45921581438918,875.0063509324368,0.10622597952245434,0.23135956053834003,132.45921581438918,35.35704020501481,229.56139142376355
app,sqi_amp,0.85,0.2956068503350707,397,397,128.81735235435048,132.45921581438918,875.0063509324368,0.10622597952245434,0.23135956053834003,132.45921581438918,35.35704020501481,229.56139142376355
app,sqi_amp,0.86,0.2956068503350707,397,397,128.81735235435048,132.45921581438918,875.0063509324368,0.10622597952245434,0.23135956053834003,132.45921581438918,35.35704020501481,229.56139142376355
app,sqi_amp,0.87,0.2956068503350707,397,397,128.81735235435048,132.45921581438918,875.0063509324368,0.10622597952245434,0.23135956053834003,132.45921581438918,35.35704020501481,229.56139142376355
app,sqi_amp,0.88,0.2956068503350707,397,397,128.81735235435048,132.45921581438918,875.0063509324368,0.10622597952245434,0.23135956053834003,132.45921581438918,35.35704020501481,229.56139142376355
app,sqi_amp,0.89,0.2956068503350707,397,397,128.81735235435048,132.45921581438918,875.0063509324368,0.10622597952245434,0.23135956053834003,132.45921581438918,35.35704020501481,229.56139142376355
app,sqi_amp,0.9,0.2956068503350707,397,397,128.81735235435048,132.45921581438918,875.0063509324368,0.10622597952245434,0.23135956053834003,132.45921581438918,35.35704020501481,229.56139142376355
app,sqi_amp,0.91,0.2956068503350707,397,397,128.81735235435048,132.45921581438918,875.0063509324368,0.10622597952245434,0.23135956053834003,132.45921581438918,35.35704020501481,229.56139142376355
app,sqi_amp,0.92,0.2956068503350707,397,397,128.81735235435048,132.45921581438918,875.0063509324368,0.10622597952245434,0.23135956053834003,132.45921581438918,35.35704020501481,229.56139142376355
app,sqi_amp,0.93,0.2956068503350707,397,397,128.81735235435048,132.45921581438918,875.0063509324368,0.10622597952245434,0.23135956053834003,132.45921581438918,35.35704020501481,229.56139142376355
app,sqi_amp,0.94,0.2956068503350707,397,397,128.81735235435048,132.45921581438918,875.0063509324368,0.10622597952245434,0.23135956053834003,132.45921581438918,35.35704020501481,229.56139142376355
app,sqi_amp,0.95,0.2956068503350707,397,397,128.81735235435048,132.45921581438918,875.0063509324368,0.10622597952245434,0.23135956053834003,132.45921581438918,35.35704020501481,229.56139142376355
app,sqi_amp,0.96,0.2956068503350707,397,397,128.81735235435048,132.45921581438918,875.0063509324368,0.10622597952245434,0.23135956053834003,132.45921581438918,35.35704020501481,229.56139142376355
app,sqi_amp,0.97,0.2956068503350707,397,397,128.81735235435048,132.45921581438918,875.0063509324368,0.10622597952245434,0.23135956053834003,132.45921581438918,35.35704020501481,229.56139142376355
app,sqi_amp,0.98,0.2956068503350707,397,397,128.81735235435048,132.45921581438918,875.0063509324368,0.10622597952245434,0.23135956053834003,132.45921581438918,35.35704020501481,229.56139142376355
app,sqi_amp,0.99,0.2956068503350707,397,397,128.81735235435048,132.45921581438918,875.0063509324368,0.10622597952245434,0.23135956053834003,132.45921581438918,35.35704020501481,229.56139142376355
app,sqi_amp,1.0,0.2956068503350707,397,397,128.81735235435048,132.45921581438918,875.0063509324368,0.10622597952245434,0.23135956053834003,132.45921581438918,35.35704020501481,229.56139142376355
app,sqi_per,0.0,0.6716306775874907,902,902,136.11598329406542,141.6839929801433,940.0558467404159,0.11975383014138381,0.14390323642765412,141.6839929801433,31.60299866582629,251.7649872944603
app,sqi_per,0.05,0.6500372300819062,873,873,136.99223408968828,142.79841281009152,957.7176339464061,0.12122699340534995,0.15451953794665785,142.79841281009152,32.29578383997591,253.30104178020713
app,sqi_per,0.1,0.6500372300819062,873,873,136.99223408968828,142.79841281009152,957.7176339464061,0.12122699340534995,0.15451953794665785,142.79841281009152,32.29578383997591,253.30104178020713
app,sqi_per,0.15,0.6500372300819062,873,873,136.99223408968828,142.79841281009152,957.7176339464061,0.12122699340534995,0.15451953794665785,142.79841281009152,32.29578383997591,253.30104178020713
app,sqi_per,0.2,0.6500372300819062,873,873,136.99223408968828,142.79841281009152,957.7176339464061,0.12122699340534995,0.15451953794665785,142.79841281009152,32.29578383997591,253.30104178020713
app,sqi_per,0.25,0.6500372300819062,873,873,136.99223408968828,142.79841281009152,957.7176339464061,0.12122699340534995,0.15451953794665785,142.79841281009152,32.29578383997591,253.30104178020713
app,sqi_per,0.3,0.6500372300819062,873,873,136.99223408968828,142.79841281009152,957.7176339464061,0.12122699340534995,0.15451953794665785,142.79841281009152,32.29578383997591,253.30104178020713
app,sqi_per,0.35,0.6500372300819062,873,873,136.99223408968828,142.79841281009152,957.7176339464061,0.12122699340534995,0.15451953794665785,142.79841281009152,32.29578383997591,253.30104178020713
app,sqi_per,0.4,0.6500372300819062,873,873,136.99223408968828,142.79841281009152,957.7176339464061,0.12122699340534995,0.15451953794665785,142.79841281009152,32.29578383997591,253.30104178020713
app,sqi_per,0.45,0.6500372300819062,873,873,136.99223408968828,142.79841281009152,957.7176339464061,0.12122699340534995,0.15451953794665785,142.79841281009152,32.29578383997591,253.30104178020713
app,sqi_per,0.5,0.6500372300819062,873,873,136.99223408968828,142.79841281009152,957.7176339464061,0.12122699340534995,0.15451953794665785,142.79841281009152,32.29578383997591,253.30104178020713
app,sqi_per,0.55,0.6500372300819062,873,873,136.99223408968828,142.79841281009152,957.7176339464061,0.12122699340534995,0.15451953794665785,142.79841281009152,32.29578383997591,253.30104178020713
app,sqi_per,0.6,0.6500372300819062,873,873,136.99223408968828,142.79841281009152,957.7176339464061,0.12122699340534995,0.15451953794665785,142.79841281009152,32.29578383997591,253.30104178020713
app,sqi_per,0.65,0.6500372300819062,873,873,136.99223408968828,142.79841281009152,957.7176339464061,0.12122699340534995,0.15451953794665785,142.79841281009152,32.29578383997591,253.30104178020713
app,sqi_per,0.7,0.6500372300819062,873,873,136.99223408968828,142.79841281009152,957.7176339464061,0.12122699340534995,0.15451953794665785,142.79841281009152,32.29578383997591,253.30104178020713
app,sqi_per,0.75,0.6500372300819062,873,873,136.99223408968828,142.79841281009152,957.7176339464061,0.12122699340534995,0.15451953794665785,142.79841281009152,32.29578383997591,253.30104178020713
app,sqi_per,0.8,0.6500372300819062,873,873,136.99223408968828,142.79841281009152,957.7176339464061,0.12122699340534995,0.15451953794665785,142.79841281009152,32.29578383997591,253.30104178020713
app,sqi_per,0.81,0.6500372300819062,873,873,136.99223408968828,142.79841281009152,957.7176339464061,0.12122699340534995,0.15451953794665785,142.79841281009152,32.29578383997591,253.30104178020713
app,sqi_per,0.82,0.6500372300819062,873,873,136.99223408968828,142.79841281009152,957.7176339464061,0.12122699340534995,0.15451953794665785,142.79841281009152,32.29578383997591,253.30104178020713
app,sqi_per,0.83,0.6492926284437825,872,872,137.10275757119268,142.82917532519392,957.718725419026,0.12173179940839915,0.1550675699307115,142.82917532519392,32.277499812546026,253.38085083784182
app,sqi_per,0.84,0.6492926284437825,872,872,137.10275757119268,142.82917532519392,957.718725419026,0.12173179940839915,0.1550675699307115,142.82917532519392,32.277499812546026,253.38085083784182
app,sqi_per,0.85,0.6478034251675354,870,870,137.10275757119268,142.7246467910245,956.6452689999082,0.12129347475259171,0.15330310740142325,142.7246467910245,32.32246185725994,253.12683172478904
app,sqi_per,0.86,0.6455696202531646,867,867,137.21328105269706,142.77120653921847,957.719816891646,0.12093810431651418,0.1535200596235023,142.77120653921847,32.226316674969894,253.31609640346704
app,sqi_per,0.87,0.6344005956813105,852,852,137.23589094599313,142.77118004457358,960.5566868973046,0.1172950078452376,0.15603442251812982,142.77118004457358,32.83804166630888,252.7043184228383
app,sqi_per,0.88,0.62397617274758,838,838,136.89356579536383,142.2644686812378,961.7232174237031,0.11137530080140307,0.1521505173086574,142.2644686812378,32.65380634816292,251.87513101431267
app,sqi_per,0.89,0.6023827252419955,809,809,135.95240430547486,141.11242899347715,957.719816891646,0.11693379492123455,0.15538713340614604,141.11242899347715,32.0806008569006,250.1442571300537
app,sqi_per,0.9,0.5591958302308265,751,751,135.31373871578586,140.02630528189243,955.5729040534104,0.13901695525721974,0.19764004722922807,140.02630528189243,31.3549249072705,248.69768565651435
app,sqi_per,0.91,0.4743112434847357,637,637,131.40586851056744,136.29492085697447,938.4894967771013,0.17102640769639194,0.2591346639759845,136.29492085697447,30.570017948292403,242.01982376565655
app,sqi_per,0.92,0.35517498138495907,477,477,124.19434277044324,128.42654118043316,930.1928695237049,0.18213774551947487,0.27339542296381825,128.42654118043316,30.132726260002073,226.72035610086425
app,sqi_per,0.93,0.25837676842889057,347,347,115.42710581203909,116.05199980749886,881.4131228555779,0.13447071937653896,0.25512097236564263,116.05199980749886,30.29134716484178,201.81265245015595
app,sqi_per,0.94,0.1533879374534624,206,206,102.0284643388788,105.1881011780699,795.1091022283409,0.20733168677500777,0.29287167924444124,105.1881011780699,25.22729786079796,185.14890449534184
app,sqi_per,0.95,0.07446016381236038,100,100,94.05675538781904,94.05421118377295,736.5031966350037,0.15996755896041512,0.2939453945394539,94.05421118377295,22.14900123831856,165.95942112922734
app,sqi_per,0.96,0.016381236038719285,22,22,72.65685256268037,77.61780910247646,633.8229076324959,0.09758819831464047,0.14624505928853757,77.61780910247646,-5.418120694899983,160.6537388998529
app,sqi_per,0.97,0.0029784065524944155,4,4,37.72480231190769,39.40472175802262,223.4107002798944,0.22319822890259272,0.39999999999999997,39.40472175802262,18.378322257928463,60.431121258116775
app,sqi_per,0.98,0.0,0,0,,,,,,,,
app,sqi_per,0.99,0.0,0,0,,,,,,,,
app,sqi_per,1.0,0.0,0,0,,,,,,,,
systolic,sqi_full,0.0,0.6425912137006702,863,863,113.72201556061414,120.97962846692,772.2175065621656,0.12147672033955301,0.1837152341001577,120.97962846692,8.17331958377396,233.78593735006604
systolic,sqi_full,0.05,0.426656738644825,573,573,105.15104721061365,115.76869639936385,704.0872578880816,0.13158471249926124,0.21300409544510543,115.76869639936385,4.747084123523933,226.79030867520376
systolic,sqi_full,0.1,0.426656738644825,573,573,105.15104721061365,115.76869639936385,704.0872578880816,0.13158471249926124,0.21300409544510543,115.76869639936385,4.747084123523933,226.79030867520376
systolic,sqi_full,0.15,0.426656738644825,573,573,105.15104721061365,115.76869639936385,704.0872578880816,0.13158471249926124,0.21300409544510543,115.76869639936385,4.747084123523933,226.79030867520376
systolic,sqi_full,0.2,0.426656738644825,573,573,105.15104721061365,115.76869639936385,704.0872578880816,0.13158471249926124,0.21300409544510543,115.76869639936385,4.747084123523933,226.79030867520376
systolic,sqi_full,0.25,0.41102010424422936,552,552,104.90127936706905,115.51812057904058,699.8424390996076,0.12815175535510903,0.20625581419739034,115.51812057904058,4.175093776862795,226.86114738121836
systolic,sqi_full,0.3,0.41102010424422936,552,552,104.90127936706905,115.51812057904058,699.8424390996076,0.12815175535510903,0.20625581419739034,115.51812057904058,4.175093776862795,226.86114738121836
systolic,sqi_full,0.35,0.41102010424422936,552,552,104.90127936706905,115.51812057904058,699.8424390996076,0.12815175535510903,0.20625581419739034,115.51812057904058,4.175093776862795,226.86114738121836
systolic,sqi_full,0.4,0.41102010424422936,552,552,104.90127936706905,115.51812057904058,699.8424390996076,0.12815175535510903,0.20625581419739034,115.51812057904058,4.175093776862795,226.86114738121836
systolic,sqi_full,0.45,0.41102010424422936,552,552,104.90127936706905,115.51812057904058,699.8424390996076,0.12815175535510903,0.20625581419739034,115.51812057904058,4.175093776862795,226.86114738121836
systolic,sqi_full,0.5,0.31943410275502604,429,429,101.74321684499321,112.09249267146804,670.5056658781731,0.14413695421487976,0.23417032085915324,112.09249267146804,0.20759098261939357,223.97739436031668
systolic,sqi_full,0.55,0.31943410275502604,429,429,101.74321684499321,112.09249267146804,670.5056658781731,0.14413695421487976,0.23417032085915324,112.09249267146804,0.20759098261939357,223.97739436031668
systolic,sqi_full,0.6,0.31943410275502604,429,429,101.74321684499321,112.09249267146804,670.5056658781731,0.14413695421487976,0.23417032085915324,112.09249267146804,0.20759098261939357,223.97739436031668
systolic,sqi_full,0.65,0.31720029784065523,426,426,101.76047162066723,112.31047952901338,675.9429454578633,0.1439852620691684,0.23499597158588792,112.31047952901338,0.17790184599890324,224.44305721202784
systolic,sqi_full,0.7,0.31124348473566643,418,418,101.98301195034237,112.64952233018099,683.3965966036583,0.13981844981886393,0.231095069677084,112.64952233018099,-0.10003707507581794,225.3990817354378
systolic,sqi_full,0.75,0.2903946388682055,390,390,102.34594845104448,112.8968396856367,691.9947782522157,0.15179275327081543,0.2336336961149869,112.8968396856367,-0.10959131900902719,225.90327069028245
systolic,sqi_full,0.8,0.2896500372300819,389,389,102.38270442196854,113.00932659859791,695.0005702121804,0.1525209274880735,0.23578344539009877,113.00932659859791,-0.058620418283780396,226.0772736154796
systolic,sqi_full,0.81,0.2896500372300819,389,389,102.38270442196854,113.00932659859791,695.0005702121804,0.1525209274880735,0.23578344539009877,113.00932659859791,-0.058620418283780396,226.0772736154796
systolic,sqi_full,0.82,0.2896500372300819,389,389,102.38270442196854,113.00932659859791,695.0005702121804,0.1525209274880735,0.23578344539009877,113.00932659859791,-0.058620418283780396,226.0772736154796
systolic,sqi_full,0.83,0.2896500372300819,389,389,102.38270442196854,113.00932659859791,695.0005702121804,0.1525209274880735,0.23578344539009877,113.00932659859791,-0.058620418283780396,226.0772736154796
systolic,sqi_full,0.84,0.2896500372300819,389,389,102.38270442196854,113.00932659859791,695.0005702121804,0.1525209274880735,0.23578344539009877,113.00932659859791,-0.058620418283780396,226.0772736154796
systolic,sqi_full,0.85,0.2896500372300819,389,389,102.38270442196854,113.00932659859791,695.0005702121804,0.1525209274880735,0.23578344539009877,113.00932659859791,-0.058620418283780396,226.0772736154796
systolic,sqi_full,0.86,0.2896500372300819,389,389,102.38270442196854,113.00932659859791,695.0005702121804,0.1525209274880735,0.23578344539009877,113.00932659859791,-0.058620418283780396,226.0772736154796
systolic,sqi_full,0.87,0.2896500372300819,389,389,102.38270442196854,113.00932659859791,695.0005702121804,0.1525209274880735,0.23578344539009877,113.00932659859791,-0.058620418283780396,226.0772736154796
systolic,sqi_full,0.88,0.2896500372300819,389,389,102.38270442196854,113.00932659859791,695.0005702121804,0.1525209274880735,0.23578344539009877,113.00932659859791,-0.058620418283780396,226.0772736154796
systolic,sqi_full,0.89,0.2896500372300819,389,389,102.38270442196854,113.00932659859791,695.0005702121804,0.1525209274880735,0.23578344539009877,113.00932659859791,-0.058620418283780396,226.0772736154796
systolic,sqi_full,0.9,0.2889054355919583,388,388,102.34594845104448,112.76398770827105,691.9947782522157,0.14746188812800334,0.23159948074560277,112.76398770827105,-0.05096747989178141,225.5789428964339
systolic,sqi_full,0.91,0.2874162323157111,386,386,102.34594845104448,112.76462803014395,691.9947782522157,0.14594945031729098,0.22920023679902832,112.76462803014395,-0.3111232992154811,225.8403793595034
systolic,sqi_full,0.92,0.2859270290394639,384,384,102.34594845104448,112.82969185337875,695.0709750881474,0.14703128677534086,0.2282811220395322,112.82969185337875,-0.525445264842304,226.1848289715998
systolic,sqi_full,0.93,0.2799702159344751,376,376,102.27866440008725,111.73606515743904,688.7596476401864,0.15566907586874673,0.2337426887086249,111.73606515743904,0.14427252550331104,223.32785778937478
systolic,sqi_full,0.94,0.2516753536857781,338,338,99.1560447152934,106.83102705245996,662.4165863363284,0.15494657499144046,0.21779722696314938,106.83102705245996,-1.6705966277646098,215.33265073268453
systolic,sqi_full,0.95,0.20551005212211468,276,276,90.97503751740663,98.5419088153383,625.5759032812059,0.16810367755278466,0.20436300976385582,98.5419088153383,0.5814237070598693,196.50239392361675
systolic,sqi_full,0.96,0.14594192107222637,196,196,76.3706086299359,84.76387016879063,559.3070104982057,0.17418955694201693,0.15023149439393094,84.76387016879063,8.524726128173413,161.00301420940787
systolic,sqi_full,0.97,0.08786299329858525,118,118,68.5802708988777,72.6842496660321,516.9650580907401,0.031459012585904486,0.05276843462287131,72.6842496660321,9.795717202576533,135.57278212948768
systolic,sqi_full,0.98,0.028294862248696945,38,38,52.36504071642442,53.789635919071166,383.21201667899726,0.06363978561011831,0.07035780719991247,53.789635919071166,16.81819480295553,90.7610770351868
systolic,sqi_full,0.99,0.0,0,0,,,,,,,,
systolic,sqi_full,1.0,0.0,0,0,,,,,,,,
systolic,sqi_amp,0.0,0.6425912137006702,863,863,113.72201556061414,120.97962846692,772.2175065621656,0.12147672033955301,0.1837152341001577,120.97962846692,8.17331958377396,233.78593735006604
systolic,sqi_amp,0.05,0.426656738644825,573,573,105.15104721061365,115.76869639936385,704.0872578880816,0.13158471249926124,0.21300409544510543,115.76869639936385,4.747084123523933,226.79030867520376
systolic,sqi_amp,0.1,0.426656738644825,573,573,105.15104721061365,115.76869639936385,704.0872578880816,0.13158471249926124,0.21300409544510543,115.76869639936385,4.747084123523933,226.79030867520376
systolic,sqi_amp,0.15,0.426656738644825,573,573,105.15104721061365,115.76869639936385,704.0872578880816,0.13158471249926124,0.21300409544510543,115.76869639936385,4.747084123523933,226.79030867520376
systolic,sqi_amp,0.2,0.426656738644825,573,573,105.15104721061365,115.76869639936385,704.0872578880816,0.13158471249926124,0.21300409544510543,115.76869639936385,4.747084123523933,226.79030867520376
systolic,sqi_amp,0.25,0.4236783320923306,569,569,105.82954883643086,116.0053006506436,706.8465126553227,0.13216746638062193,0.21478770415029239,116.0053006506436,4.754964600339292,227.25563670094792
systolic,sqi_amp,0.3,0.4072970960536113,547,547,105.82954883643086,115.79900184046535,704.0872578880816,0.128871272395981,0.20853691467865823,115.79900184046535,4.125546730642753,227.47245695028795
systolic,sqi_amp,0.35,0.4050632911392405,544,544,105.98756261044488,116.09797044464096,706.685844815318,0.1274034274089778,0.20762010593692426,116.09797044464096,4.4001291871824435,227.79581170209948
systolic,sqi_amp,0.4,0.39985107967237526,537,537,106.74635729162472,116.46076511033549,710.4697157747316,0.12367085227412719,0.20612807553136328,116.46076511033549,4.380124563984296,228.54140565668666
systolic,sqi_amp,0.45,0.39687267311988084,533,533,107.56305094767977,116.79940207860312,711.8691676396343,0.12354838305413,0.20902279071578256,116.79940207860312,4.613451741784203,228.98535241542203
systolic,sqi_amp,0.5,0.39612807148175727,532,532,107.65424727368344,116.87221171205017,712.3307015830682,0.1238439304837004,0.21015091052377244,116.87221171205017,4.629108626734478,229.11531479736587
systolic,sqi_amp,0.55,0.304542069992554,409,409,103.7325373993261,113.68629199814201,695.0005702121804,0.1390534420240349,0.2395758594608936,113.68629199814201,0.4178587412626342,226.9547252550214
systolic,sqi_amp,0.6,0.30305286671630677,407,407,103.80890206598959,113.87047859223043,695.0005702121804,0.13828133661850528,0.24009708756441134,113.87047859223043,0.44527431992231925,227.29568286453855
systolic,sqi_amp,0.65,0.30305286671630677,407,407,103.80890206598959,113.87047859223043,695.0005702121804,0.13828133661850528,0.24009708756441134,113.87047859223043,0.44527431992231925,227.29568286453855
systolic,sqi_amp,0.7,0.30305286671630677,407,407,103.80890206598959,113.87047859223043,695.0005702121804,0.13828133661850528,0.24009708756441134,113.87047859223043,0.44527431992231925,227.29568286453855
systolic,sqi_amp,0.75,0.30305286671630677,407,407,103.80890206598959,113.87047859223043,695.0005702121804,0.13828133661850528,0.24009708756441134,113.87047859223043,0.44527431992231925,227.29568286453855
systolic,sqi_amp,0.8,0.2896500372300819,389,389,102.38270442196854,113.00932659859791,695.0005702121804,0.1525209274880735,0.23578344539009877,113.00932659859791,-0.058620418283780396,226.0772736154796
systolic,sqi_amp,0.81,0.2896500372300819,389,389,102.38270442196854,113.00932659859791,695.0005702121804,0.1525209274880735,0.23578344539009877,113.00932659859791,-0.058620418283780396,226.0772736154796
systolic,sqi_amp,0.82,0.2896500372300819,389,389,102.38270442196854,113.00932659859791,695.0005702121804,0.1525209274880735,0.23578344539009877,113.00932659859791,-0.058620418283780396,226.0772736154796
systolic,sqi_amp,0.83,0.2896500372300819,389,389,102.38270442196854,113.00932659859791,695.0005702121804,0.1525209274880735,0.23578344539009877,113.00932659859791,-0.058620418283780396,226.0772736154796
systolic,sqi_amp,0.84,0.2896500372300819,389,389,102.38270442196854,113.00932659859791,695.0005702121804,0.1525209274880735,0.23578344539009877,113.00932659859791,-0.058620418283780396,226.0772736154796
systolic,sqi_amp,0.85,0.2896500372300819,389,389,102.38270442196854,113.00932659859791,695.0005702121804,0.1525209274880735,0.23578344539009877,113.00932659859791,-0.058620418283780396,226.0772736154796
systolic,sqi_amp,0.86,0.2896500372300819,389,389,102.38270442196854,113.00932659859791,695.0005702121804,0.1525209274880735,0.23578344539009877,113.00932659859791,-0.058620418283780396,226.0772736154796
systolic,sqi_amp,0.87,0.2896500372300819,389,389,102.38270442196854,113.00932659859791,695.0005702121804,0.1525209274880735,0.23578344539009877,113.00932659859791,-0.058620418283780396,226.0772736154796
systolic,sqi_amp,0.88,0.2896500372300819,389,389,102.38270442196854,113.00932659859791,695.0005702121804,0.1525209274880735,0.23578344539009877,113.00932659859791,-0.058620418283780396,226.0772736154796
systolic,sqi_amp,0.89,0.2896500372300819,389,389,102.38270442196854,113.00932659859791,695.0005702121804,0.1525209274880735,0.23578344539009877,113.00932659859791,-0.058620418283780396,226.0772736154796
systolic,sqi_amp,0.9,0.2896500372300819,389,389,102.38270442196854,113.00932659859791,695.0005702121804,0.1525209274880735,0.23578344539009877,113.00932659859791,-0.058620418283780396,226.0772736154796
systolic,sqi_amp,0.91,0.2896500372300819,389,389,102.38270442196854,113.00932659859791,695.0005702121804,0.1525209274880735,0.23578344539009877,113.00932659859791,-0.058620418283780396,226.0772736154796
systolic,sqi_amp,0.92,0.2896500372300819,389,389,102.38270442196854,113.00932659859791,695.0005702121804,0.1525209274880735,0.23578344539009877,113.00932659859791,-0.058620418283780396,226.0772736154796
systolic,sqi_amp,0.93,0.2896500372300819,389,389,102.38270442196854,113.00932659859791,695.0005702121804,0.1525209274880735,0.23578344539009877,113.00932659859791,-0.058620418283780396,226.0772736154796
systolic,sqi_amp,0.94,0.2896500372300819,389,389,102.38270442196854,113.00932659859791,695.0005702121804,0.1525209274880735,0.23578344539009877,113.00932659859791,-0.058620418283780396,226.0772736154796
systolic,sqi_amp,0.95,0.2896500372300819,389,389,102.38270442196854,113.00932659859791,695.0005702121804,0.1525209274880735,0.23578344539009877,113.00932659859791,-0.058620418283780396,226.0772736154796
systolic,sqi_amp,0.96,0.2896500372300819,389,389,102.38270442196854,113.00932659859791,695.0005702121804,0.1525209274880735,0.23578344539009877,113.00932659859791,-0.058620418283780396,226.0772736154796
systolic,sqi_amp,0.97,0.2896500372300819,389,389,102.38270442196854,113.00932659859791,695.0005702121804,0.1525209274880735,0.23578344539009877,113.00932659859791,-0.058620418283780396,226.0772736154796
systolic,sqi_amp,0.98,0.2896500372300819,389,389,102.38270442196854,113.00932659859791,695.0005702121804,0.1525209274880735,0.23578344539009877,113.00932659859791,-0.058620418283780396,226.0772736154796
systolic,sqi_amp,0.99,0.2896500372300819,389,389,102.38270442196854,113.00932659859791,695.0005702121804,0.1525209274880735,0.23578344539009877,113.00932659859791,-0.058620418283780396,226.0772736154796
systolic,sqi_amp,1.0,0.2896500372300819,389,389,102.38270442196854,113.00932659859791,695.0005702121804,0.1525209274880735,0.23578344539009877,113.00932659859791,-0.058620418283780396,226.0772736154796
systolic,sqi_per,0.0,0.6425912137006702,863,863,113.72201556061414,120.97962846692,772.2175065621656,0.12147672033955301,0.1837152341001577,120.97962846692,8.17331958377396,233.78593735006604
systolic,sqi_per,0.05,0.6425912137006702,863,863,113.72201556061414,120.97962846692,772.2175065621656,0.12147672033955301,0.1837152341001577,120.97962846692,8.17331958377396,233.78593735006604
systolic,sqi_per,0.1,0.6425912137006702,863,863,113.72201556061414,120.97962846692,772.2175065621656,0.12147672033955301,0.1837152341001577,120.97962846692,8.17331958377396,233.78593735006604
systolic,sqi_per,0.15,0.6425912137006702,863,863,113.72201556061414,120.97962846692,772.2175065621656,0.12147672033955301,0.1837152341001577,120.97962846692,8.17331958377396,233.78593735006604
systolic,sqi_per,0.2,0.6425912137006702,863,863,113.72201556061414,120.97962846692,772.2175065621656,0.12147672033955301,0.1837152341001577,120.97962846692,8.17331958377396,233.78593735006604
systolic,sqi_per,0.25,0.6425912137006702,863,863,113.72201556061414,120.97962846692,772.2175065621656,0.12147672033955301,0.1837152341001577,120.97962846692,8.17331958377396,233.78593735006604
systolic,sqi_per,0.3,0.6425912137006702,863,863,113.72201556061414,120.97962846692,772.2175065621656,0.12147672033955301,0.1837152341001577,120.97962846692,8.17331958377396,233.78593735006604
systolic,sqi_per,0.35,0.6425912137006702,863,863,113.72201556061414,120.97962846692,772.2175065621656,0.12147672033955301,0.1837152341001577,120.97962846692,8.17331958377396,233.78593735006604
systolic,sqi_per,0.4,0.6425912137006702,863,863,113.72201556061414,120.97962846692,772.2175065621656,0.12147672033955301,0.1837152341001577,120.97962846692,8.17331958377396,233.78593735006604
systolic,sqi_per,0.45,0.6425912137006702,863,863,113.72201556061414,120.97962846692,772.2175065621656,0.12147672033955301,0.1837152341001577,120.97962846692,8.17331958377396,233.78593735006604
systolic,sqi_per,0.5,0.6425912137006702,863,863,113.72201556061414,120.97962846692,772.2175065621656,0.12147672033955301,0.1837152341001577,120.97962846692,8.17331958377396,233.78593735006604
systolic,sqi_per,0.55,0.6425912137006702,863,863,113.72201556061414,120.97962846692,772.2175065621656,0.12147672033955301,0.1837152341001577,120.97962846692,8.17331958377396,233.78593735006604
systolic,sqi_per,0.6,0.6425912137006702,863,863,113.72201556061414,120.97962846692,772.2175065621656,0.12147672033955301,0.1837152341001577,120.97962846692,8.17331958377396,233.78593735006604
systolic,sqi_per,0.65,0.6425912137006702,863,863,113.72201556061414,120.97962846692,772.2175065621656,0.12147672033955301,0.1837152341001577,120.97962846692,8.17331958377396,233.78593735006604
systolic,sqi_per,0.7,0.6425912137006702,863,863,113.72201556061414,120.97962846692,772.2175065621656,0.12147672033955301,0.1837152341001577,120.97962846692,8.17331958377396,233.78593735006604
systolic,sqi_per,0.75,0.6425912137006702,863,863,113.72201556061414,120.97962846692,772.2175065621656,0.12147672033955301,0.1837152341001577,120.97962846692,8.17331958377396,233.78593735006604
systolic,sqi_per,0.8,0.6425912137006702,863,863,113.72201556061414,120.97962846692,772.2175065621656,0.12147672033955301,0.1837152341001577,120.97962846692,8.17331958377396,233.78593735006604
systolic,sqi_per,0.81,0.6425912137006702,863,863,113.72201556061414,120.97962846692,772.2175065621656,0.12147672033955301,0.1837152341001577,120.97962846692,8.17331958377396,233.78593735006604
systolic,sqi_per,0.82,0.6425912137006702,863,863,113.72201556061414,120.97962846692,772.2175065621656,0.12147672033955301,0.1837152341001577,120.97962846692,8.17331958377396,233.78593735006604
systolic,sqi_per,0.83,0.6425912137006702,863,863,113.72201556061414,120.97962846692,772.2175065621656,0.12147672033955301,0.1837152341001577,120.97962846692,8.17331958377396,233.78593735006604
systolic,sqi_per,0.84,0.6418466120625466,862,862,113.70668015384284,120.86655538492829,771.2935736459341,0.11975589436167561,0.18186390269917974,120.86655538492829,8.18290140531046,233.5502093645461
systolic,sqi_per,0.85,0.6403574087862993,860,860,113.63193620811688,120.82735319985835,772.9918181708255,0.1185018181380052,0.18008355256983535,120.82735319985835,8.025354102129981,233.6293522975867
systolic,sqi_per,0.86,0.6314221891288161,848,848,113.63193620811688,120.93052864944153,770.1066899709771,0.10978690993614187,0.17185023416850842,120.93052864944153,7.7298793432090065,234.13117795567405
systolic,sqi_per,0.87,0.6299329858525688,846,846,113.63193620811688,120.97920480265338,770.1066899709771,0.10908632739598201,0.17074198272573995,120.97920480265338,7.673409747147247,234.28499985815952
systolic,sqi_per,0.88,0.620253164556962,833,833,113.5649794889024,120.60302856672814,770.3696407297028,0.10109402100831061,0.17000314590424884,120.60302856672814,7.242958112624407,233.96309902083186
systolic,sqi_per,0.89,0.5986597170513775,804,804,111.37195372823965,118.6578275789258,764.3936616535254,0.102747752910761,0.17492963025184785,118.6578275789258,7.918290242944039,229.39736491490757
systolic,sqi_per,0.9,0.5651526433358154,759,759,109.27480174501866,117.26800952041951,753.1613269918788,0.101966287646591,0.16704166376983348,117.26800952041951,6.401411259430503,228.13460778140853
systolic,sqi_per,0.91,0.5033507073715562,676,676,104.90127936706905,113.87899313872725,746.860177052861,0.1367428884796755,0.19365228097581033,113.87899313872725,7.259420980881387,220.49856529657313
systolic,sqi_per,0.92,0.39985107967237526,537,537,96.52611484006309,105.42269188254102,712.7922355265019,0.1888513957627449,0.19925708285245206,105.42269188254102,8.25847980757267,202.58690395750938
systolic,sqi_per,0.93,0.308265078183172,414,414,90.95036061814608,99.0897147545532,696.8056757263104,0.17319881812125756,0.20035818608680434,99.0897147545532,9.185918038340944,188.99351147076544
systolic,sqi_per,0.94,0.22114668652271036,297,297,81.81295748102424,90.171504409802,650.5867289140151,0.14024746263222046,0.15794302539268984,90.171504409802,10.566733480203908,169.7762753394001
systolic,sqi_per,0.95,0.14668652271034996,197,197,74.78996477613617,80.59463560003866,585.2909344829147,0.09395763978158812,0.11091857139717912,80.59463560003866,8.269510244396685,152.91976095568063
systolic,sqi_per,0.96,0.07222635889798958,97,97,68.06025180256708,69.60293840852714,494.5975533028799,-0.021531206961919527,0.04419577109194193,69.60293840852714,11.624934047229232,127.58094276982504
systolic,sqi_per,0.97,0.024571854058078928,33,33,48.129264645392865,51.444601500609835,338.92435571452387,0.23603008830103223,0.14872994652406418,51.444601500609835,15.136476813963327,87.75272618725634
systolic,sqi_per,0.98,0.0014892032762472078,2,2,,,,,,,,
systolic,sqi_per,0.99,0.0,0,0,,,,,,,,
systolic,sqi_per,1.0,0.0,0,0,,,,,,,,
green,sqi_full,0.0,0.8935219657483247,1200,1200,108.95747223791315,111.41846614133115,745.870500386168,0.08529169678525478,0.1574519432216687,111.41769523379477,23.494219451638685,199.34117101595086
green,sqi_full,0.05,0.6865227103499628,922,922,108.51252087735162,110.33787756844491,737.9946728667385,0.11165174597268451,0.18798418313436452,110.3368742180722,26.645098390332365,194.02865004581201
green,sqi_full,0.1,0.6865227103499628,922,922,108.51252087735162,110.33787756844491,737.9946728667385,0.11165174597268451,0.18798418313436452,110.3368742180722,26.645098390332365,194.02865004581201
green,sqi_full,0.15,0.6865227103499628,922,922,108.51252087735162,110.33787756844491,737.9946728667385,0.11165174597268451,0.18798418313436452,110.3368742180722,26.645098390332365,194.02865004581201
green,sqi_full,0.2,0.6865227103499628,922,922,108.51252087735162,110.33787756844491,737.9946728667385,0.11165174597268451,0.18798418313436452,110.3368742180722,26.645098390332365,194.02865004581201
green,sqi_full,0.25,0.676842889054356,909,909,108.72885057531445,110.42410785673336,739.4096609629731,0.10934433743959794,0.18660595158610602,110.42309015701538,27.43252724432027,193.4136530697105
green,sqi_full,0.3,0.676842889054356,909,909,108.72885057531445,110.42410785673336,739.4096609629731,0.10934433743959794,0.18660595158610602,110.42309015701538,27.43252724432027,193.4136530697105
green,sqi_full,0.35,0.676842889054356,909,909,108.72885057531445,110.42410785673336,739.4096609629731,0.10934433743959794,0.18660595158610602,110.42309015701538,27.43252724432027,193.4136530697105
green,sqi_full,0.4,0.676842889054356,909,909,108.72885057531445,110.42410785673336,739.4096609629731,0.10934433743959794,0.18660595158610602,110.42309015701538,27.43252724432027,193.4136530697105
green,sqi_full,0.45,0.676842889054356,909,909,108.72885057531445,110.42410785673336,739.4096609629731,0.10934433743959794,0.18660595158610602,110.42309015701538,27.43252724432027,193.4136530697105
green,sqi_full,0.5,0.5390915860014892,724,724,110.1772912225458,111.50281986320613,716.9881790262232,0.12050058392352024,0.17399316526601782,111.50154211590826,28.73178130648823,194.2713029253283
green,sqi_full,0.55,0.5390915860014892,724,724,110.1772912225458,111.50281986320613,716.9881790262232,0.12050058392352024,0.17399316526601782,111.50154211590826,28.73178130648823,194.2713029253283
green,sqi_full,0.6,0.5390915860014892,724,724,110.1772912225458,111.50281986320613,716.9881790262232,0.12050058392352024,0.17399316526601782,111.50154211590826,28.73178130648823,194.2713029253283
green,sqi_full,0.65,0.5390915860014892,724,724,110.1772912225458,111.50281986320613,716.9881790262232,0.12050058392352024,0.17399316526601782,111.50154211590826,28.73178130648823,194.2713029253283
green,sqi_full,0.7,0.5383469843633656,723,723,110.1693478739889,111.46607351047764,717.0608470694995,0.11730121882767906,0.1716116998972705,111.46479399589444,28.660441265777905,194.26914672601097
green,sqi_full,0.75,0.5271779597915115,708,708,110.1772912225458,111.34385473450905,716.9881790262232,0.12776711252557407,0.17638604207804987,111.34254811156602,28.987187819951416,193.69790840318063
green,sqi_full,0.8,0.5271779597915115,708,708,110.1772912225458,111.34385473450905,716.9881790262232,0.12776711252557407,0.17638604207804987,111.34254811156602,28.987187819951416,193.69790840318063
green,sqi_full,0.81,0.5271779597915115,708,708,110.1772912225458,111.34385473450905,716.9881790262232,0.12776711252557407,0.17638604207804987,111.34254811156602,28.987187819951416,193.69790840318063
green,sqi_full,0.82,0.5271779597915115,708,708,110.1772912225458,111.34385473450905,716.9881790262232,0.12776711252557407,0.17638604207804987,111.34254811156602,28.987187819951416,193.69790840318063
green,sqi_full,0.83,0.5271779597915115,708,708,110.1772912225458,111.34385473450905,716.9881790262232,0.12776711252557407,0.17638604207804987,111.34254811156602,28.987187819951416,193.69790840318063
green,sqi_full,0.84,0.5271779597915115,708,708,110.1772912225458,111.34385473450905,716.9881790262232,0.12776711252557407,0.17638604207804987,111.34254811156602,28.987187819951416,193.69790840318063
green,sqi_full,0.85,0.5271779597915115,708,708,110.1772912225458,111.34385473450905,716.9881790262232,0.12776711252557407,0.17638604207804987,111.34254811156602,28.987187819951416,193.69790840318063
green,sqi_full,0.86,0.5271779597915115,708,708,110.1772912225458,111.34385473450905,716.9881790262232,0.12776711252557407,0.17638604207804987,111.34254811156602,28.987187819951416,193.69790840318063
green,sqi_full,0.87,0.5271779597915115,708,708,110.1772912225458,111.34385473450905,716.9881790262232,0.12776711252557407,0.17638604207804987,111.34254811156602,28.987187819951416,193.69790840318063
green,sqi_full,0.88,0.5271779597915115,708,708,110.1772912225458,111.34385473450905,716.9881790262232,0.12776711252557407,0.17638604207804987,111.34254811156602,28.987187819951416,193.69790840318063
green,sqi_full,0.89,0.5271779597915115,708,708,110.1772912225458,111.34385473450905,716.9881790262232,0.12776711252557407,0.17638604207804987,111.34254811156602,28.987187819951416,193.69790840318063
green,sqi_full,0.9,0.5271779597915115,708,708,110.1772912225458,111.34385473450905,716.9881790262232,0.12776711252557407,0.17638604207804987,111.34254811156602,28.987187819951416,193.69790840318063
green,sqi_full,0.91,0.5271779597915115,708,708,110.1772912225458,111.34385473450905,716.9881790262232,0.12776711252557407,0.17638604207804987,111.34254811156602,28.987187819951416,193.69790840318063
green,sqi_full,0.92,0.5256887565152644,706,706,110.22108253802674,111.41210543846223,717.8040410513132,0.12771704625580968,0.17719968316695275,111.41079511403777,28.983907748372417,193.83768247970312
green,sqi_full,0.93,0.5241995532390171,704,704,110.1772912225458,111.15399954994609,716.9881790262232,0.1339058124160753,0.18342792425939128,111.15268550300908,29.25922580011138,193.04614520590678
green,sqi_full,0.94,0.5145197319434103,691,691,110.25693050495077,111.01708418004675,717.0608470694995,0.13195693919793677,0.18060912409542282,111.01574541153204,30.119907356717277,191.9115834663468
green,sqi_full,0.95,0.4847356664184661,651,651,109.93473657114961,110.13388463262265,705.0450314674616,0.1274310649092482,0.17097735432981823,110.13246360490582,30.274414604369838,189.9905126054418
green,sqi_full,0.96,0.39166046165301566,526,526,107.03292249040067,106.64341334157474,676.5605657463684,0.0926709371629609,0.1452684220996138,106.64165461715712,29.635372594379646,183.64793663993458
green,sqi_full,0.97,0.1690245718540581,227,227,89.55484351742524,87.84537832899366,579.773803015954,0.032725177621506035,0.11713609195496638,87.841303046863,24.33939278617877,151.34321330754724
green,sqi_full,0.98,0.02084884586746091,28,28,47.81055799280634,47.03252796715626,307.7173950029637,-0.18385909340717552,-0.18828680897646416,46.99948907273988,5.730855834597904,88.26812231088185
green,sqi_full,0.99,0.0,0,0,,,,,,,,
green,sqi_full,1.0,0.0,0,0,,,,,,,,
green,sqi_amp,0.0,0.8935219657483247,1200,1200,108.95747223791315,111.41846614133115,745.870500386168,0.08529169678525478,0.1574519432216687,111.41769523379477,23.494219451638685,199.34117101595086
green,sqi_amp,0.05,0.6865227103499628,922,922,108.51252087735162,110.33787756844491,737.9946728667385,0.11165174597268451,0.18798418313436452,110.3368742180722,26.645098390332365,194.02865004581201
green,sqi_amp,0.1,0.6865227103499628,922,922,108.51252087735162,110.33787756844491,737.9946728667385,0.11165174597268451,0.18798418313436452,110.3368742180722,26.645098390332365,194.02865004581201
green,sqi_amp,0.15,0.6865227103499628,922,922,108.51252087735162,110.33787756844491,737.9946728667385,0.11165174597268451,0.18798418313436452,110.3368742180722,26.645098390332365,194.02865004581201
green,sqi_amp,0.2,0.6865227103499628,922,922,108.51252087735162,110.33787756844491,737.9946728667385,0.11165174597268451,0.18798418313436452,110.3368742180722,26.645098390332365,194.02865004581201
green,sqi_amp,0.25,0.6865227103499628,922,922,108.51252087735162,110.33787756844491,737.9946728667385,0.11165174597268451,0.18798418313436452,110.3368742180722,26.645098390332365,194.02865004581201
green,sqi_amp,0.3,0.676842889054356,909,909,108.72885057531445,110.42410785673336,739.4096609629731,0.10934433743959794,0.18660595158610602,110.42309015701538,27.43252724432027,193.4136530697105
green,sqi_amp,0.35,0.676842889054356,909,909,108.72885057531445,110.42410785673336,739.4096609629731,0.10934433743959794,0.18660595158610602,110.42309015701538,27.43252724432027,193.4136530697105
green,sqi_amp,0.4,0.676842889054356,909,909,108.72885057531445,110.42410785673336,739.4096609629731,0.10934433743959794,0.18660595158610602,110.42309015701538,27.43252724432027,193.4136530697105
green,sqi_amp,0.45,0.676842889054356,909,909,108.72885057531445,110.42410785673336,739.4096609629731,0.10934433743959794,0.18660595158610602,110.42309015701538,27.43252724432027,193.4136530697105
green,sqi_amp,0.5,0.676842889054356,909,909,108.72885057531445,110.42410785673336,739.4096609629731,0.10934433743959794,0.18660595158610602,110.42309015701538,27.43252724432027,193.4136530697105
green,sqi_amp,0.55,0.5390915860014892,724,724,110.1772912225458,111.50281986320613,716.9881790262232,0.12050058392352024,0.17399316526601782,111.50154211590826,28.73178130648823,194.2713029253283
green,sqi_amp,0.6,0.5390915860014892,724,724,110.1772912225458,111.50281986320613,716.9881790262232,0.12050058392352024,0.17399316526601782,111.50154211590826,28.73178130648823,194.2713029253283
green,sqi_amp,0.65,0.5390915860014892,724,724,110.1772912225458,111.50281986320613,716.9881790262232,0.12050058392352024,0.17399316526601782,111.50154211590826,28.73178130648823,194.2713029253283
green,sqi_amp,0.7,0.5390915860014892,724,724,110.1772912225458,111.50281986320613,716.9881790262232,0.12050058392352024,0.17399316526601782,111.50154211590826,28.73178130648823,194.2713029253283
green,sqi_amp,0.75,0.5390915860014892,724,724,110.1772912225458,111.50281986320613,716.9881790262232,0.12050058392352024,0.17399316526601782,111.50154211590826,28.73178130648823,194.2713029253283
green,sqi_amp,0.8,0.5271779597915115,708,708,110.1772912225458,111.34385473450905,716.9881790262232,0.12776711252557407,0.17638604207804987,111.34254811156602,28.987187819951416,193.69790840318063
green,sqi_amp,0.81,0.5271779597915115,708,708,110.1772912225458,111.34385473450905,716.9881790262232,0.12776711252557407,0.17638604207804987,111.34254811156602,28.987187819951416,193.69790840318063
green,sqi_amp,0.82,0.5271779597915115,708,708,110.1772912225458,111.34385473450905,716.9881790262232,0.12776711252557407,0.17638604207804987,111.34254811156602,28.987187819951416,193.69790840318063
green,sqi_amp,0.83,0.5271779597915115,708,708,110.1772912225458,111.34385473450905,716.9881790262232,0.12776711252557407,0.17638604207804987,111.34254811156602,28.987187819951416,193.69790840318063
green,sqi_amp,0.84,0.5271779597915115,708,708,110.1772912225458,111.34385473450905,716.9881790262232,0.12776711252557407,0.17638604207804987,111.34254811156602,28.987187819951416,193.69790840318063
green,sqi_amp,0.85,0.5271779597915115,708,708,110.1772912225458,111.34385473450905,716.9881790262232,0.12776711252557407,0.17638604207804987,111.34254811156602,28.987187819951416,193.69790840318063
green,sqi_amp,0.86,0.5271779597915115,708,708,110.1772912225458,111.34385473450905,716.9881790262232,0.12776711252557407,0.17638604207804987,111.34254811156602,28.987187819951416,193.69790840318063
green,sqi_amp,0.87,0.5271779597915115,708,708,110.1772912225458,111.34385473450905,716.9881790262232,0.12776711252557407,0.17638604207804987,111.34254811156602,28.987187819951416,193.69790840318063
green,sqi_amp,0.88,0.5271779597915115,708,708,110.1772912225458,111.34385473450905,716.9881790262232,0.12776711252557407,0.17638604207804987,111.34254811156602,28.987187819951416,193.69790840318063
green,sqi_amp,0.89,0.5271779597915115,708,708,110.1772912225458,111.34385473450905,716.9881790262232,0.12776711252557407,0.17638604207804987,111.34254811156602,28.987187819951416,193.69790840318063
green,sqi_amp,0.9,0.5271779597915115,708,708,110.1772912225458,111.34385473450905,716.9881790262232,0.12776711252557407,0.17638604207804987,111.34254811156602,28.987187819951416,193.69790840318063
green,sqi_amp,0.91,0.5271779597915115,708,708,110.1772912225458,111.34385473450905,716.9881790262232,0.12776711252557407,0.17638604207804987,111.34254811156602,28.987187819951416,193.69790840318063
green,sqi_amp,0.92,0.5271779597915115,708,708,110.1772912225458,111.34385473450905,716.9881790262232,0.12776711252557407,0.17638604207804987,111.34254811156602,28.987187819951416,193.69790840318063
green,sqi_amp,0.93,0.5271779597915115,708,708,110.1772912225458,111.34385473450905,716.9881790262232,0.12776711252557407,0.17638604207804987,111.34254811156602,28.987187819951416,193.69790840318063
green,sqi_amp,0.94,0.5271779597915115,708,708,110.1772912225458,111.34385473450905,716.9881790262232,0.12776711252557407,0.17638604207804987,111.34254811156602,28.987187819951416,193.69790840318063
green,sqi_amp,0.95,0.5271779597915115,708,708,110.1772912225458,111.34385473450905,716.9881790262232,0.12776711252557407,0.17638604207804987,111.34254811156602,28.987187819951416,193.69790840318063
green,sqi_amp,0.96,0.5271779597915115,708,708,110.1772912225458,111.34385473450905,716.9881790262232,0.12776711252557407,0.17638604207804987,111.34254811156602,28.987187819951416,193.69790840318063
green,sqi_amp,0.97,0.5271779597915115,708,708,110.1772912225458,111.34385473450905,716.9881790262232,0.12776711252557407,0.17638604207804987,111.34254811156602,28.987187819951416,193.69790840318063
green,sqi_amp,0.98,0.5271779597915115,708,708,110.1772912225458,111.34385473450905,716.9881790262232,0.12776711252557407,0.17638604207804987,111.34254811156602,28.987187819951416,193.69790840318063
green,sqi_amp,0.99,0.5271779597915115,708,708,110.1772912225458,111.34385473450905,716.9881790262232,0.12776711252557407,0.17638604207804987,111.34254811156602,28.987187819951416,193.69790840318063
green,sqi_amp,1.0,0.5271779597915115,708,708,110.1772912225458,111.34385473450905,716.9881790262232,0.12776711252557407,0.17638604207804987,111.34254811156602,28.987187819951416,193.69790840318063
green,sqi_per,0.0,0.8935219657483247,1200,1200,108.95747223791315,111.41846614133115,745.870500386168,0.08529169678525478,0.1574519432216687,111.41769523379477,23.494219451638685,199.34117101595086
green,sqi_per,0.05,0.8816083395383469,1184,1184,108.28765923220124,111.14564760671269,743.2880080521652,0.08639019112184296,0.1571007513395406,111.1448662815069,23.185173284277624,199.1045592787362
green,sqi_per,0.1,0.8816083395383469,1184,1184,108.28765923220124,111.14564760671269,743.2880080521652,0.08639019112184296,0.1571007513395406,111.1448662815069,23.185173284277624,199.1045592787362
green,sqi_per,0.15,0.8816083395383469,1184,1184,108.28765923220124,111.14564760671269,743.2880080521652,0.08639019112184296,0.1571007513395406,111.1448662815069,23.185173284277624,199.1045592787362
green,sqi_per,0.2,0.8816083395383469,1184,1184,108.28765923220124,111.14564760671269,743.2880080521652,0.08639019112184296,0.1571007513395406,111.1448662815069,23.185173284277624,199.1045592787362
green,sqi_per,0.25,0.8816083395383469,1184,1184,108.28765923220124,111.14564760671269,743.2880080521652,0.08639019112184296,0.1571007513395406,111.1448662815069,23.185173284277624,199.1045592787362
green,sqi_per,0.3,0.8816083395383469,1184,1184,108.28765923220124,111.14564760671269,743.2880080521652,0.08639019112184296,0.1571007513395406,111.1448662815069,23.185173284277624,199.1045592787362
green,sqi_per,0.35,0.8816083395383469,1184,1184,108.28765923220124,111.14564760671269,743.2880080521652,0.08639019112184296,0.1571007513395406,111.1448662815069,23.185173284277624,199.1045592787362
green,sqi_per,0.4,0.8816083395383469,1184,1184,108.28765923220124,111.14564760671269,743.2880080521652,0.08639019112184296,0.1571007513395406,111.1448662815069,23.185173284277624,199.1045592787362
green,sqi_per,0.45,0.8816083395383469,1184,1184,108.28765923220124,111.14564760671269,743.2880080521652,0.08639019112184296,0.1571007513395406,111.1448662815069,23.185173284277624,199.1045592787362
green,sqi_per,0.5,0.8816083395383469,1184,1184,108.28765923220124,111.14564760671269,743.2880080521652,0.08639019112184296,0.1571007513395406,111.1448662815069,23.185173284277624,199.1045592787362
green,sqi_per,0.55,0.8816083395383469,1184,1184,108.28765923220124,111.14564760671269,743.2880080521652,0.08639019112184296,0.1571007513395406,111.1448662815069,23.185173284277624,199.1045592787362
green,sqi_per,0.6,0.8816083395383469,1184,1184,108.28765923220124,111.14564760671269,743.2880080521652,0.08639019112184296,0.1571007513395406,111.1448662815069,23.185173284277624,199.1045592787362
green,sqi_per,0.65,0.8816083395383469,1184,1184,108.28765923220124,111.14564760671269,743.2880080521652,0.08639019112184296,0.1571007513395406,111.1448662815069,23.185173284277624,199.1045592787362
green,sqi_per,0.7,0.8816083395383469,1184,1184,108.28765923220124,111.14564760671269,743.2880080521652,0.08639019112184296,0.1571007513395406,111.1448662815069,23.185173284277624,199.1045592787362
green,sqi_per,0.75,0.8816083395383469,1184,1184,108.28765923220124,111.14564760671269,743.2880080521652,0.08639019112184296,0.1571007513395406,111.1448662815069,23.185173284277624,199.1045592787362
green,sqi_per,0.8,0.8808637379002234,1183,1183,108.21829522511364,111.13789074465618,741.8705477928887,0.08642611391793414,0.1571019230461254,111.13710875898953,23.14177226013713,199.13244525784194
green,sqi_per,0.81,0.8808637379002234,1183,1183,108.21829522511364,111.13789074465618,741.8705477928887,0.08642611391793414,0.1571019230461254,111.13710875898953,23.14177226013713,199.13244525784194
green,sqi_per,0.82,0.8808637379002234,1183,1183,108.21829522511364,111.13789074465618,741.8705477928887,0.08642611391793414,0.1571019230461254,111.13710875898953,23.14177226013713,199.13244525784194
green,sqi_per,0.83,0.8801191362620998,1182,1182,108.08852085716406,111.03419114484093,741.2835869210734,0.08663487310699945,0.15663647518143067,111.03340849759589,23.279076864387633,198.78774013080414
green,sqi_per,0.84,0.8801191362620998,1182,1182,108.08852085716406,111.03419114484093,741.2835869210734,0.08663487310699945,0.15663647518143067,111.03340849759589,23.279076864387633,198.78774013080414
green,sqi_per,0.85,0.8793745346239762,1181,1181,108.21829522511364,111.04397023551412,740.696626049258,0.08651332387799761,0.15650495370432546,111.04318692557031,23.25415403702948,198.83221981411114
green,sqi_per,0.86,0.8786299329858526,1180,1180,108.28765923220124,111.05557528858526,741.2835869210734,0.08641533006352561,0.15644842069285742,111.05479131481945,23.232017224268176,198.87756540537072
green,sqi_per,0.87,0.8771407297096053,1178,1178,108.51252087735162,111.10786695952388,741.2835869210734,0.0856318323241469,0.15542340365421375,111.107081654733,23.248553891003525,198.96560941846246
green,sqi_per,0.88,0.874162323157111,1174,1174,108.28765923220124,110.7277846118662,739.8704188797371,0.0935391286283197,0.16122233438128428,110.72699663142015,24.028011388290437,197.42598187454985
green,sqi_per,0.89,0.870439314966493,1169,1169,108.35702323928885,110.72407568270526,739.9067730513888,0.09160699996525315,0.16019236613402865,110.72328433194079,23.955560289796026,197.49100837408554
green,sqi_per,0.9,0.8615040953090097,1157,1157,108.35702323928885,110.43138266125011,739.8340647080855,0.09087574459194359,0.15801114958975787,110.43058310287184,24.882444714788917,195.97872149095474
green,sqi_per,0.91,0.8332092330603127,1119,1119,107.6485999903473,110.17481846159188,739.2514354731804,0.09048043391714924,0.15431627404388393,110.1739917510971,25.106896141820613,195.2410873603736
green,sqi_per,0.92,0.7833209233060313,1052,1052,106.76975467507819,109.47138359246986,737.2312991641164,0.08968497952260243,0.16121825692767616,109.47050423026107,23.728885454870635,195.2121230056515
green,sqi_per,0.93,0.695457930007446,934,934,104.14358776774154,106.45222127803521,716.6448918916622,0.07963282638681664,0.16285470928044996,106.4512308186737,23.7929473191203,189.10951431822707
green,sqi_per,0.94,0.5256887565152644,706,706,98.92614038858677,100.2226980059819,671.4092970532646,0.07256518473459872,0.1571738976423969,100.22138768155746,23.559797176278337,176.88297818683657
green,sqi_per,0.95,0.2866716306775875,385,385,88.43206986013044,86.82759327414098,600.7179579378607,0.01181766739405942,0.09976132999125227,86.82519044545616,16.793324033332524,156.85705685757978
green,sqi_per,0.96,0.08860759493670886,119,119,67.7899434327097,64.87235196279657,505.30430335629904,0.2105990264578533,0.28748753738783656,64.86457810528682,13.713647389864299,116.01550882070936
green,sqi_per,0.97,0.022338049143708117,30,30,47.75501855111153,47.61415266171725,321.2019443080957,0.08248976765575004,0.004226918798665183,47.583316360261946,5.543266869309072,89.62336585121483
green,sqi_per,0.98,0.0007446016381236039,1,1,,,,,,,,
green,sqi_per,0.99,0.0,0,0,,,,,,,,
green,sqi_per,1.0,0.0,0,0,,,,,,,,
v2,sqi_full,0.0,0.6425912137006702,863,863,113.72201556061414,120.99196252598564,772.2175065621656,0.12182626919946743,0.18385882676836568,120.99196252598564,8.173819229669945,233.81010582230135
v2,sqi_full,0.05,0.38049143708116157,511,511,103.80890206598959,112.33843633410945,704.6341491990654,0.17494168095191914,0.27018426735820555,112.33843633410945,6.694347441926027,217.98252522629286
v2,sqi_full,0.1,0.38049143708116157,511,511,103.80890206598959,112.33843633410945,704.6341491990654,0.17494168095191914,0.27018426735820555,112.33843633410945,6.694347441926027,217.98252522629286
v2,sqi_full,0.15,0.38049143708116157,511,511,103.80890206598959,112.33843633410945,704.6341491990654,0.17494168095191914,0.27018426735820555,112.33843633410945,6.694347441926027,217.98252522629286
v2,sqi_full,0.2,0.38049143708116157,511,511,103.80890206598959,112.33843633410945,704.6341491990654,0.17494168095191914,0.27018426735820555,112.33843633410945,6.694347441926027,217.98252522629286
v2,sqi_full,0.25,0.3685778108711839,495,495,102.2481363200541,111.44093442292413,703.1990531068021,0.17175621035115846,0.26614329263692654,111.44093442292413,6.357404600929186,216.52446424491907
v2,sqi_full,0.3,0.3685778108711839,495,495,102.2481363200541,111.44093442292413,703.1990531068021,0.17175621035115846,0.26614329263692654,111.44093442292413,6.357404600929186,216.52446424491907
v2,sqi_full,0.35,0.3685778108711839,495,495,102.2481363200541,111.44093442292413,703.1990531068021,0.17175621035115846,0.26614329263692654,111.44093442292413,6.357404600929186,216.52446424491907
v2,sqi_full,0.4,0.3685778108711839,495,495,102.2481363200541,111.44093442292413,703.1990531068021,0.17175621035115846,0.26614329263692654,111.44093442292413,6.357404600929186,216.52446424491907
v2,sqi_full,0.45,0.3685778108711839,495,495,102.2481363200541,111.44093442292413,703.1990531068021,0.17175621035115846,0.26614329263692654,111.44093442292413,6.357404600929186,216.52446424491907
v2,sqi_full,0.5,0.2903946388682055,390,390,96.1615682943146,105.23215606377886,657.3941793495609,0.12212544248154593,0.24917709210534933,105.23215606377886,1.5302117788951932,208.93410034866253
v2,sqi_full,0.55,0.2903946388682055,390,390,96.1615682943146,105.23215606377886,657.3941793495609,0.12212544248154593,0.24917709210534933,105.23215606377886,1.5302117788951932,208.93410034866253
v2,sqi_full,0.6,0.2903946388682055,390,390,96.1615682943146,105.23215606377886,657.3941793495609,0.12212544248154593,0.24917709210534933,105.23215606377886,1.5302117788951932,208.93410034866253
v2,sqi_full,0.65,0.2903946388682055,390,390,96.1615682943146,105.23215606377886,657.3941793495609,0.12212544248154593,0.24917709210534933,105.23215606377886,1.5302117788951932,208.93410034866253
v2,sqi_full,0.7,0.2896500372300819,389,389,96.67872388889776,105.2619529412284,656.9959560321244,0.12123948166716626,0.24871721390158483,105.2619529412284,1.4328801761757717,209.09102570628102
v2,sqi_full,0.75,0.27773641102010427,373,373,95.64441269973146,104.55879027435863,652.2051404499649,0.13354446920238003,0.2567955007232818,104.55879027435863,1.760476323576384,207.35710422514086
v2,sqi_full,0.8,0.27773641102010427,373,373,95.64441269973146,104.55879027435863,652.2051404499649,0.13354446920238003,0.2567955007232818,104.55879027435863,1.760476323576384,207.35710422514086
v2,sqi_full,0.81,0.27773641102010427,373,373,95.64441269973146,104.55879027435863,652.2051404499649,0.13354446920238003,0.2567955007232818,104.55879027435863,1.760476323576384,207.35710422514086
v2,sqi_full,0.82,0.27773641102010427,373,373,95.64441269973146,104.55879027435863,652.2051404499649,0.13354446920238003,0.2567955007232818,104.55879027435863,1.760476323576384,207.35710422514086
v2,sqi_full,0.83,0.27773641102010427,373,373,95.64441269973146,104.55879027435863,652.2051404499649,0.13354446920238003,0.2567955007232818,104.55879027435863,1.760476323576384,207.35710422514086
v2,sqi_full,0.84,0.27773641102010427,373,373,95.64441269973146,104.55879027435863,652.2051404499649,0.13354446920238003,0.2567955007232818,104.55879027435863,1.760476323576384,207.35710422514086
v2,sqi_full,0.85,0.27773641102010427,373,373,95.64441269973146,104.55879027435863,652.2051404499649,0.13354446920238003,0.2567955007232818,104.55879027435863,1.760476323576384,207.35710422514086
v2,sqi_full,0.86,0.27773641102010427,373,373,95.64441269973146,104.55879027435863,652.2051404499649,0.13354446920238003,0.2567955007232818,104.55879027435863,1.760476323576384,207.35710422514086
v2,sqi_full,0.87,0.27773641102010427,373,373,95.64441269973146,104.55879027435863,652.2051404499649,0.13354446920238003,0.2567955007232818,104.55879027435863,1.760476323576384,207.35710422514086
v2,sqi_full,0.88,0.27773641102010427,373,373,95.64441269973146,104.55879027435863,652.2051404499649,0.13354446920238003,0.2567955007232818,104.55879027435863,1.760476323576384,207.35710422514086
v2,sqi_full,0.89,0.27773641102010427,373,373,95.64441269973146,104.55879027435863,652.2051404499649,0.13354446920238003,0.2567955007232818,104.55879027435863,1.760476323576384,207.35710422514086
v2,sqi_full,0.9,0.276247207743857,371,371,95.06069628718402,103.97245102734931,651.7397029388452,0.1235787516979992,0.24861176869530593,103.97245102734931,2.104447478059498,205.8404545766391
v2,sqi_full,0.91,0.27475800446760984,369,369,95.02055205413075,103.89602206168682,651.7397029388452,0.1228034715280608,0.24626146703671642,103.89602206168682,1.7908262608338816,206.00121786253976
v2,sqi_full,0.92,0.27475800446760984,369,369,95.02055205413075,103.89602206168682,651.7397029388452,0.1228034715280608,0.24626146703671642,103.89602206168682,1.7908262608338816,206.00121786253976
v2,sqi_full,0.93,0.2695457930007446,362,362,93.83775975956264,102.82621973007696,649.1425392525057,0.10189373973105406,0.24713769550092665,102.82621973007696,2.17482685920163,203.47761260095228
v2,sqi_full,0.94,0.2486969471332837,334,334,91.05207701539629,99.62861983797403,631.6639374370264,0.09200407768731739,0.22834767965864877,99.62861983797403,-0.013405890828252609,199.2706455667763
v2,sqi_full,0.95,0.22040208488458674,296,296,87.9468312535804,94.0513451760458,603.0331215445632,0.17525142843088892,0.2513386558367308,94.0513451760458,4.8294239052965935,183.273266446795
v2,sqi_full,0.96,0.1742367833209233,234,234,79.50098661884998,85.26208572379952,572.962878589742,0.16913060812529285,0.20169800673864235,85.26208572379952,12.967966715066197,157.55620473253282
v2,sqi_full,0.97,0.10573343261355175,142,142,70.13859954324641,74.32751444377132,541.774628934277,0.12109888815039264,0.10584231471255746,74.32751444377132,14.617742276065165,134.03728661147747
v2,sqi_full,0.98,0.029039463886820552,39,39,50.873467796392575,52.56913652448619,348.5537395790946,0.07012492715960197,0.07186234817813765,52.56913652448619,17.015160404578808,88.12311264439357
v2,sqi_full,0.99,0.0,0,0,,,,,,,,
v2,sqi_full,1.0,0.0,0,0,,,,,,,,
v2,sqi_amp,0.0,0.6425912137006702,863,863,113.72201556061414,120.99196252598564,772.2175065621656,0.12182626919946743,0.18385882676836568,120.99196252598564,8.173819229669945,233.81010582230135
v2,sqi_amp,0.05,0.38049143708116157,511,511,103.80890206598959,112.33843633410945,704.6341491990654,0.17494168095191914,0.27018426735820555,112.33843633410945,6.694347441926027,217.98252522629286
v2,sqi_amp,0.1,0.38049143708116157,511,511,103.80890206598959,112.33843633410945,704.6341491990654,0.17494168095191914,0.27018426735820555,112.33843633410945,6.694347441926027,217.98252522629286
v2,sqi_amp,0.15,0.38049143708116157,511,511,103.80890206598959,112.33843633410945,704.6341491990654,0.17494168095191914,0.27018426735820555,112.33843633410945,6.694347441926027,217.98252522629286
v2,sqi_amp,0.2,0.38049143708116157,511,511,103.80890206598959,112.33843633410945,704.6341491990654,0.17494168095191914,0.27018426735820555,112.33843633410945,6.694347441926027,217.98252522629286
v2,sqi_amp,0.25,0.38049143708116157,511,511,103.80890206598959,112.33843633410945,704.6341491990654,0.17494168095191914,0.27018426735820555,112.33843633410945,6.694347441926027,217.98252522629286
v2,sqi_amp,0.3,0.3685778108711839,495,495,102.2481363200541,111.44093442292413,703.1990531068021,0.17175621035115846,0.26614329263692654,111.44093442292413,6.357404600929186,216.52446424491907
v2,sqi_amp,0.35,0.3685778108711839,495,495,102.2481363200541,111.44093442292413,703.1990531068021,0.17175621035115846,0.26614329263692654,111.44093442292413,6.357404600929186,216.52446424491907
v2,sqi_amp,0.4,0.3685778108711839,495,495,102.2481363200541,111.44093442292413,703.1990531068021,0.17175621035115846,0.26614329263692654,111.44093442292413,6.357404600929186,216.52446424491907
v2,sqi_amp,0.45,0.3685778108711839,495,495,102.2481363200541,111.44093442292413,703.1990531068021,0.17175621035115846,0.26614329263692654,111.44093442292413,6.357404600929186,216.52446424491907
v2,sqi_amp,0.5,0.3685778108711839,495,495,102.2481363200541,111.44093442292413,703.1990531068021,0.17175621035115846,0.26614329263692654,111.44093442292413,6.357404600929186,216.52446424491907
v2,sqi_amp,0.55,0.2903946388682055,390,390,96.1615682943146,105.23215606377886,657.3941793495609,0.12212544248154593,0.24917709210534933,105.23215606377886,1.5302117788951932,208.93410034866253
v2,sqi_amp,0.6,0.2903946388682055,390,390,96.1615682943146,105.23215606377886,657.3941793495609,0.12212544248154593,0.24917709210534933,105.23215606377886,1.5302117788951932,208.93410034866253
v2,sqi_amp,0.65,0.2903946388682055,390,390,96.1615682943146,105.23215606377886,657.3941793495609,0.12212544248154593,0.24917709210534933,105.23215606377886,1.5302117788951932,208.93410034866253
v2,sqi_amp,0.7,0.2903946388682055,390,390,96.1615682943146,105.23215606377886,657.3941793495609,0.12212544248154593,0.24917709210534933,105.23215606377886,1.5302117788951932,208.93410034866253
v2,sqi_amp,0.75,0.2903946388682055,390,390,96.1615682943146,105.23215606377886,657.3941793495609,0.12212544248154593,0.24917709210534933,105.23215606377886,1.5302117788951932,208.93410034866253
v2,sqi_amp,0.8,0.27773641102010427,373,373,95.64441269973146,104.55879027435863,652.2051404499649,0.13354446920238003,0.2567955007232818,104.55879027435863,1.760476323576384,207.35710422514086
v2,sqi_amp,0.81,0.27773641102010427,373,373,95.64441269973146,104.55879027435863,652.2051404499649,0.13354446920238003,0.2567955007232818,104.55879027435863,1.760476323576384,207.35710422514086
v2,sqi_amp,0.82,0.27773641102010427,373,373,95.64441269973146,104.55879027435863,652.2051404499649,0.13354446920238003,0.2567955007232818,104.55879027435863,1.760476323576384,207.35710422514086
v2,sqi_amp,0.83,0.27773641102010427,373,373,95.64441269973146,104.55879027435863,652.2051404499649,0.13354446920238003,0.2567955007232818,104.55879027435863,1.760476323576384,207.35710422514086
v2,sqi_amp,0.84,0.27773641102010427,373,373,95.64441269973146,104.55879027435863,652.2051404499649,0.13354446920238003,0.2567955007232818,104.55879027435863,1.760476323576384,207.35710422514086
v2,sqi_amp,0.85,0.27773641102010427,373,373,95.64441269973146,104.55879027435863,652.2051404499649,0.13354446920238003,0.2567955007232818,104.55879027435863,1.760476323576384,207.35710422514086
v2,sqi_amp,0.86,0.27773641102010427,373,373,95.64441269973146,104.55879027435863,652.2051404499649,0.13354446920238003,0.2567955007232818,104.55879027435863,1.760476323576384,207.35710422514086
v2,sqi_amp,0.87,0.27773641102010427,373,373,95.64441269973146,104.55879027435863,652.2051404499649,0.13354446920238003,0.2567955007232818,104.55879027435863,1.760476323576384,207.35710422514086
v2,sqi_amp,0.88,0.27773641102010427,373,373,95.64441269973146,104.55879027435863,652.2051404499649,0.13354446920238003,0.2567955007232818,104.55879027435863,1.760476323576384,207.35710422514086
v2,sqi_amp,0.89,0.27773641102010427,373,373,95.64441269973146,104.55879027435863,652.2051404499649,0.13354446920238003,0.2567955007232818,104.55879027435863,1.760476323576384,207.35710422514086
v2,sqi_amp,0.9,0.27773641102010427,373,373,95.64441269973146,104.55879027435863,652.2051404499649,0.13354446920238003,0.2567955007232818,104.55879027435863,1.760476323576384,207.35710422514086
v2,sqi_amp,0.91,0.27773641102010427,373,373,95.64441269973146,104.55879027435863,652.2051404499649,0.13354446920238003,0.2567955007232818,104.55879027435863,1.760476323576384,207.35710422514086
v2,sqi_amp,0.92,0.27773641102010427,373,373,95.64441269973146,104.55879027435863,652.2051404499649,0.13354446920238003,0.2567955007232818,104.55879027435863,1.760476323576384,207.35710422514086
v2,sqi_amp,0.93,0.27773641102010427,373,373,95.64441269973146,104.55879027435863,652.2051404499649,0.13354446920238003,0.2567955007232818,104.55879027435863,1.760476323576384,207.35710422514086
v2,sqi_amp,0.94,0.27773641102010427,373,373,95.64441269973146,104.55879027435863,652.2051404499649,0.13354446920238003,0.2567955007232818,104.55879027435863,1.760476323576384,207.35710422514086
v2,sqi_amp,0.95,0.27773641102010427,373,373,95.64441269973146,104.55879027435863,652.2051404499649,0.13354446920238003,0.2567955007232818,104.55879027435863,1.760476323576384,207.35710422514086
v2,sqi_amp,0.96,0.27773641102010427,373,373,95.64441269973146,104.55879027435863,652.2051404499649,0.13354446920238003,0.2567955007232818,104.55879027435863,1.760476323576384,207.35710422514086
v2,sqi_amp,0.97,0.27773641102010427,373,373,95.64441269973146,104.55879027435863,652.2051404499649,0.13354446920238003,0.2567955007232818,104.55879027435863,1.760476323576384,207.35710422514086
v2,sqi_amp,0.98,0.27773641102010427,373,373,95.64441269973146,104.55879027435863,652.2051404499649,0.13354446920238003,0.2567955007232818,104.55879027435863,1.760476323576384,207.35710422514086
v2,sqi_amp,0.99,0.27773641102010427,373,373,95.64441269973146,104.55879027435863,652.2051404499649,0.13354446920238003,0.2567955007232818,104.55879027435863,1.760476323576384,207.35710422514086
v2,sqi_amp,1.0,0.27773641102010427,373,373,95.64441269973146,104.55879027435863,652.2051404499649,0.13354446920238003,0.2567955007232818,104.55879027435863,1.760476323576384,207.35710422514086
v2,sqi_per,0.0,0.6425912137006702,863,863,113.72201556061414,120.99196252598564,772.2175065621656,0.12182626919946743,0.18385882676836568,120.99196252598564,8.173819229669945,233.81010582230135
v2,sqi_per,0.05,0.6180193596425912,830,830,116.40977918215064,122.70613670678534,787.793715764089,0.11953029704133056,0.19170113693991078,122.70613670678534,9.489317054902301,235.9229563586684
v2,sqi_per,0.1,0.6180193596425912,830,830,116.40977918215064,122.70613670678534,787.793715764089,0.11953029704133056,0.19170113693991078,122.70613670678534,9.489317054902301,235.9229563586684
v2,sqi_per,0.15,0.6180193596425912,830,830,116.40977918215064,122.70613670678534,787.793715764089,0.11953029704133056,0.19170113693991078,122.70613670678534,9.489317054902301,235.9229563586684
v2,sqi_per,0.2,0.6180193596425912,830,830,116.40977918215064,122.70613670678534,787.793715764089,0.11953029704133056,0.19170113693991078,122.70613670678534,9.489317054902301,235.9229563586684
v2,sqi_per,0.25,0.6180193596425912,830,830,116.40977918215064,122.70613670678534,787.793715764089,0.11953029704133056,0.19170113693991078,122.70613670678534,9.489317054902301,235.9229563586684
v2,sqi_per,0.3,0.6180193596425912,830,830,116.40977918215064,122.70613670678534,787.793715764089,0.11953029704133056,0.19170113693991078,122.70613670678534,9.489317054902301,235.9229563586684
v2,sqi_per,0.35,0.6180193596425912,830,830,116.40977918215064,122.70613670678534,787.793715764089,0.11953029704133056,0.19170113693991078,122.70613670678534,9.489317054902301,235.9229563586684
v2,sqi_per,0.4,0.6180193596425912,830,830,116.40977918215064,122.70613670678534,787.793715764089,0.11953029704133056,0.19170113693991078,122.70613670678534,9.489317054902301,235.9229563586684
v2,sqi_per,0.45,0.6180193596425912,830,830,116.40977918215064,122.70613670678534,787.793715764089,0.11953029704133056,0.19170113693991078,122.70613670678534,9.489317054902301,235.9229563586684
v2,sqi_per,0.5,0.6180193596425912,830,830,116.40977918215064,122.70613670678534,787.793715764089,0.11953029704133056,0.19170113693991078,122.70613670678534,9.489317054902301,235.9229563586684
v2,sqi_per,0.55,0.6180193596425912,830,830,116.40977918215064,122.70613670678534,787.793715764089,0.11953029704133056,0.19170113693991078,122.70613670678534,9.489317054902301,235.9229563586684
v2,sqi_per,0.6,0.6180193596425912,830,830,116.40977918215064,122.70613670678534,787.793715764089,0.11953029704133056,0.19170113693991078,122.70613670678534,9.489317054902301,235.9229563586684
v2,sqi_per,0.65,0.6180193596425912,830,830,116.40977918215064,122.70613670678534,787.793715764089,0.11953029704133056,0.19170113693991078,122.70613670678534,9.489317054902301,235.9229563586684
v2,sqi_per,0.7,0.6180193596425912,830,830,116.40977918215064,122.70613670678534,787.793715764089,0.11953029704133056,0.19170113693991078,122.70613670678534,9.489317054902301,235.9229563586684
v2,sqi_per,0.75,0.6180193596425912,830,830,116.40977918215064,122.70613670678534,787.793715764089,0.11953029704133056,0.19170113693991078,122.70613670678534,9.489317054902301,235.9229563586684
v2,sqi_per,0.8,0.6180193596425912,830,830,116.40977918215064,122.70613670678534,787.793715764089,0.11953029704133056,0.19170113693991078,122.70613670678534,9.489317054902301,235.9229563586684
v2,sqi_per,0.81,0.6180193596425912,830,830,116.40977918215064,122.70613670678534,787.793715764089,0.11953029704133056,0.19170113693991078,122.70613670678534,9.489317054902301,235.9229563586684
v2,sqi_per,0.82,0.6180193596425912,830,830,116.40977918215064,122.70613670678534,787.793715764089,0.11953029704133056,0.19170113693991078,122.70613670678534,9.489317054902301,235.9229563586684
v2,sqi_per,0.83,0.6180193596425912,830,830,116.40977918215064,122.70613670678534,787.793715764089,0.11953029704133056,0.19170113693991078,122.70613670678534,9.489317054902301,235.9229563586684
v2,sqi_per,0.84,0.6172747580044676,829,829,116.25122815124396,122.59064516464183,787.279024375489,0.11777355116948518,0.18985038043426614,122.59064516464183,9.493571412591862,235.68771891669178
v2,sqi_per,0.85,0.616530156366344,828,828,116.16224786425198,122.57971642638934,787.793715764089,0.11770814599438964,0.1894647442835637,122.57971642638934,9.41596805510028,235.7434647976784
v2,sqi_per,0.86,0.6075949367088608,816,816,116.16224786425198,122.71270801948361,787.793715764089,0.1087604706681998,0.18100001757470638,122.71270801948361,9.137946347283687,236.28746969168355
v2,sqi_per,0.87,0.6068503350707372,815,815,116.07326757725998,122.71921217408041,788.308407152689,0.10874754391083032,0.18095325745047522,122.71921217408041,9.075292718579718,236.36313162958112
v2,sqi_per,0.88,0.5971705137751303,802,802,115.72810903247577,122.35670006847292,788.7039855326757,0.10072470802286358,0.1805649689244114,122.35670006847292,8.62866748535059,236.08473265159523
v2,sqi_per,0.89,0.5755770662695457,773,773,114.31039407042093,120.39928076621878,782.4472612407267,0.10236310354815843,0.18619530420433036,120.39928076621878,9.252466642651939,231.54609488978562
v2,sqi_per,0.9,0.5420699925539836,728,728,113.4801303882081,119.05792566597415,772.9918181708255,0.10189583159351936,0.1788276805005701,119.05792566597415,7.666342628628584,230.44950870331974
v2,sqi_per,0.91,0.4832464631422189,649,649,108.67678089344005,115.44197963215473,753.1613269918788,0.13875814214749096,0.20769959937707366,115.44197963215473,8.139394566021153,222.7445646982883
v2,sqi_per,0.92,0.3827252419955324,514,514,99.51073470261922,106.84850685680254,726.5096942475471,0.1933373485073022,0.21629337793663564,106.84850685680254,8.947308143056418,204.74970557054866
v2,sqi_per,0.93,0.30007446016381234,403,403,91.66418178779753,99.81371827401517,706.8465126553227,0.17250771004222168,0.20506757908856327,99.81371827401517,9.253146510861242,190.3742900371691
v2,sqi_per,0.94,0.21965748324646314,295,295,81.87821918574298,90.33040778433218,652.2051404499649,0.14034311735546884,0.16118242074658543,90.33040778433218,10.555503496479673,170.1053120721847
v2,sqi_per,0.95,0.14668652271034996,197,197,74.78996477613617,80.59463560003866,585.2909344829147,0.09395763978158812,0.11091857139717912,80.59463560003866,8.269510244396685,152.91976095568063
v2,sqi_per,0.96,0.07222635889798958,97,97,68.06025180256708,69.60293840852714,494.5975533028799,-0.021531206961919527,0.04419577109194193,69.60293840852714,11.624934047229232,127.58094276982504
v2,sqi_per,0.97,0.024571854058078928,33,33,48.129264645392865,51.444601500609835,338.92435571452387,0.23603008830103223,0.14872994652406418,51.444601500609835,15.136476813963327,87.75272618725634
v2,sqi_per,0.98,0.0014892032762472078,2,2,,,,,,,,
v2,sqi_per,0.99,0.0,0,0,,,,,,,,
v2,sqi_per,1.0,0.0,0,0,,,,,,,,
