sample,sqi,rmssd,hr,n_intervals
124,0.0,0.0,,0
249,0.0,0.0,,0
374,0.0,0.0,,0
499,0.0,0.0,,0
624,0.0,0.0,,0
749,0.4,0.0,,0
874,0.4,0.0,,0
999,0.4,0.0,,1
1124,0.4,16.0,,2
1249,0.9955055234077372,16.0,68.80733944954129,3
1374,0.9954148044372967,13.063945294843617,69.44444444444444,4
1499,0.9927373179773239,30.199337741083,68.80733944954129,5
1624,0.990784904493507,27.94279871451677,68.18181818181819,6
1749,0.9904986956265699,33.39803244846276,68.4931506849315,8
1874,0.9908779904096956,36.98648401781386,68.18181818181819,9
1999,0.9908132537652369,35.276684147527874,67.87330316742081,10
2124,0.9911737812046172,33.84671328208989,67.56756756756756,11
2249,0.9913043633042997,33.683014332827376,67.56756756756756,12
2374,0.9904254367553366,38.36665218650175,66.96428571428571,13
2499,0.9907458433992893,40.0,66.96428571428571,14
2624,0.9888073019478825,45.153705748887795,66.96428571428571,15
2749,0.9891296597845263,46.647615158762406,66.96428571428571,16
2874,0.9894125180957453,44.5843549452311,66.3716814159292,18
2999,0.9895489541075554,43.49201714746691,66.07929515418502,19
3124,0.9894441567681485,42.490865891512804,65.78947368421052,20
3249,0.9896631396495996,41.7612260356422,65.50218340611353,21
3374,0.9895865157418878,42.079290234825336,65.50218340611353,22
3499,0.9894028138204248,41.147185919463666,66.07929515418502,23
3624,0.9894906712358049,40.38079612454631,66.07929515418502,24
3749,0.9896504971450604,40.365001341921605,66.07929515418502,25
3874,0.9875965265410791,43.96362132490908,65.78947368421052,26
3999,0.9863530128601525,43.13841764510002,65.78947368421052,27
4124,0.9859184217625967,42.58325179379016,65.50218340611353,28
4249,0.9857982374297283,50.04825257895521,65.78947368421052,30
4374,0.9853099243058139,50.932635248270174,65.78947368421052,31
4499,0.9855224175094394,52.538158175902296,65.78947368421052,32
4624,0.9856960381652391,51.73006862551025,65.78947368421052,33
4749,0.9857649114264956,51.01633725255731,65.78947368421052,34
4874,0.9853691473569498,50.726486874099955,66.3716814159292,35
4999,0.9847734516202347,50.069665752543514,67.26457399103138,36
5124,0.9848135236839176,49.7170371581391,68.80733944954129,38
5249,0.9844931237881901,53.27189443639212,68.18181818181819,39
5374,0.9842231021501112,52.58448635413495,68.18181818181819,40
5499,0.984371500030652,52.474755835544386,68.18181818181819,41
5624,0.9845554224069294,51.89106789062322,68.18181818181819,42
5749,0.9844195335890548,51.9926734765399,67.26457399103138,43
5874,0.9845884805129943,52.54455473746199,66.3716814159292,44
5999,0.98476053512278,51.958025016703274,66.07929515418502,45
6124,0.9849186436750313,51.391309252311004,66.07929515418502,46
6249,0.9848855763063891,51.17064375800538,66.07929515418502,47
6374,0.9832945756583674,53.44155686354955,66.66666666666667,49
6499,0.9828872405687188,53.6777991580223,66.96428571428571,50
6624,0.983046698809875,54.32936590831886,67.26457399103138,51
6749,0.982598545119905,56.03360336336004,67.26457399103138,52
6874,0.9826171031385493,55.8900018580453,67.26457399103138,53
6999,0.9826487713882008,56.90906350867112,68.18181818181819,54
7124,0.9825617736344054,58.40344992346739,68.18181818181819,55
7249,0.9825445627116146,60.089630023521,69.44444444444444,56
7374,0.9826868055613072,59.7901090721295,68.18181818181819,57
7499,0.9822391067644966,61.357737326473845,67.56756756756756,58
7624,0.9801238527465024,62.579053452688804,65.21739130434783,59
7749,0.9802897358023697,68.12152650140304,64.65517241379311,60
7874,0.9802897358023697,68.12152650140304,64.65517241379311,60
7999,0.9802897358023697,68.12152650140304,66.96428571428571,60
8124,0.9803262075047512,68.12948787892118,67.56756756756756,60
8249,0.9804581516865909,67.93815732222197,66.96428571428571,60
8374,0.9804175197804075,67.97806226388438,67.56756756756756,60
8499,0.980349366449696,68.33615813370383,66.96428571428571,60
8624,0.9804312219127657,69.36809211294361,67.26457399103138,60
8749,0.9801601634801069,69.83564239808024,67.87330316742081,60
8874,0.979991451952137,69.83564239808024,68.4931506849315,60
8999,0.9799922348978617,70.33864815113249,68.4931506849315,60
9124,0.9800026316366701,69.83564239808024,67.56756756756756,60
9249,0.9799532430313703,69.45404528736725,66.66666666666667,60
9374,0.9799532430313703,69.14097610152164,67.56756756756756,60
9499,0.9800924861893947,68.92098152896007,66.07929515418502,60
9624,0.9800161568511933,69.09389337484836,66.3716814159292,60
9749,0.9798046141795279,69.13313120717501,66.96428571428571,60
9874,0.9798057200214605,69.48527462585514,66.3716814159292,60
9999,0.9794588807972888,70.72314127542984,65.50218340611353,60
10124,0.9793727297625587,72.63747923648306,66.3716814159292,60
10249,0.9794040754718258,73.3729733644411,66.3716814159292,60
10374,0.9794540768918979,73.35079401786219,66.3716814159292,60
10499,0.9792920523602314,73.28421570288134,65.21739130434783,60
10624,0.9791196991732298,72.21812533650153,64.65517241379311,60
10749,0.9794922044701568,72.39814587006859,63.829787234042556,60
10874,0.9797350834545027,72.39814587006859,63.29113924050633,60
10999,0.9795061836930893,70.47730732269521,62.76150627615063,60
11124,0.9796117410719677,70.04502184128265,62.24066390041494,60
11249,0.979521457954424,69.42280190059181,62.5,60
11374,0.979734104859904,68.66869614685046,62.5,60
11499,0.9797282264072601,68.6923872623205,62.5,60
11624,0.9797601216762348,68.73185430795658,62.5,60
11749,0.9795355160113473,69.48527462585514,62.5,60
11874,0.9801134557224722,69.57887854071127,62.5,60
11999,0.9798437108465233,70.44651775926742,62.24066390041494,60
12124,0.9800247658289022,68.73185430795658,62.24066390041494,60
12249,0.9801320853811536,68.85799683997175,63.29113924050633,60
12374,0.9802301012882604,68.70028248529493,64.1025641025641,60
12499,0.9802300566104576,68.70028248529493,64.1025641025641,60
12624,0.9792864520473284,70.83808226021569,64.37768240343348,60
12749,0.9793064131296448,71.50868146892186,64.37768240343348,60
12874,0.9793207071681769,71.56933345732251,64.93506493506493,60
12999,0.9792053922821612,72.17305004322856,64.93506493506493,60
13124,0.9784998254507976,72.73448346379978,64.65517241379311,60
13249,0.9779413611880807,72.71210935915438,64.65517241379311,60
13374,0.9777813584908518,71.05214127428545,64.65517241379311,60
13499,0.979221109824049,71.32641605407245,64.65517241379311,60
13624,0.9793793298908455,72.05271140171605,64.65517241379311,60
13749,0.9794663624099893,72.27067764631536,63.829787234042556,60
13874,0.9796328705998225,71.05977431306498,63.02521008403362,60
13999,0.9798924340655705,69.57887854071127,63.02521008403362,60
14124,0.9798137212904987,68.31234347602519,63.559322033898304,60
14249,0.9801267140028134,68.31234347602519,63.829787234042556,60
14374,0.979834101019537,67.3125772114503,64.37768240343348,60
14499,0.9800683658171987,66.5345583710234,64.93506493506493,60
14624,0.98170395826008,60.2998158920089,65.21739130434783,60
14749,0.9817224961518254,60.34477214658888,64.93506493506493,60
14874,0.9815487479648297,61.387350322855745,65.21739130434783,60
14999,0.9815234879559053,62.594741751326474,65.21739130434783,60
