score,level
0,0
0,0
0,0
0,0
0,0
0,0
0,0
0,0
0,0
0,0
0,0
0,0
0,0
0,0
0,0
0,0
0,0
0,0
0,0
0,0
0,0
0,0
0,0
0,0
0,0
0,0
0,0
0,0
0,0
0,0
0,0
0,0
0,0
0,0
0,0
0,0
0,0
0,0
0,0
0,0
0,0
0,0
0,0
0,0
0,0
0,0
0,0
0,0
0,0
0,0
0,0
0,0
0,0
0,0
0,0
0,0
0,0
0,0
0,0
0,0
0,0
0,0
0,0
0,0
0,0
0,0
0,0
0,0
0,0
0,0
0,0
0,0
2,1
2,1
2,1
3,1
2,1
2,1
1,1
2,1
4,1
5,1
6,1
7,1
8,1
8,1
9,1
10,1
11,1
12,1
13,1
14,1
14,1
15,1
14,1
13,1
15,1
16,1
16,1
15,1
15,1
12,1
10,1
7,1
6,1
5,1
4,1
3,1
3,1
2,1
1,1
1,1
0,1
0,1
1,1
2,1
2,1
3,1
2,1
2,1
2,1
1,1
1,1
1,1
0,1
0,1
0,1
0,1
0,1
0,1
0,1
0,1
0,1
0,1
0,1
0,1
0,1
0,1
0,1
0,1
0,1
0,1
2,1
2,1
2,1
3,1
4,1
3,1
2,1
3,1
4,1
5,1
6,1
6,1
7,1
7,1
7,1
6,1
6,1
6,1
6,1
7,1
9,1
10,1
12,1
13,1
14,1
14,1
15,1
15,1
15,1
15,1
15,1
15,1
15,1
14,1
13,1
13,1
13,1
12,1
11,1
11,1
10,1
10,1
10,1
9,1
8,1
8,1
7,1
7,1
7,1
7,1
7,1
6,1
5,1
4,1
3,1
2,1
1,1
1,1
1,1
1,1
1,1
2,1
3,1
4,1
6,1
10,1
13,1
17,1
22,1
26,1
30,1
34,1
38,2
43,2
47,2
50,2
52,2
53,2
54,2
55,2
55,2
56,2
56,2
57,2
58,2
59,2
60,2
61,2
62,2
63,2
65,3
66,3
66,3
66,3
67,3
68,3
69,3
69,3
70,3
70,3
70,3
71,3
71,3
71,3
72,3
72,3
73,3
73,3
74,3
74,3
75,3
76,3
77,3
78,3
78,3
79,3
79,3
80,3
81,3
82,3
82,3
83,3
84,3
84,3
85,3
86,3
87,3
87,3
87,3
88,3
88,3
89,3
89,3
89,3
89,3
90,3
91,3
92,3
93,3
93,3
94,3
94,3
94,3
94,3
95,3
95,3
95,3
96,3
96,3
96,3
97,3
97,3
97,3
98,3
98,3
97,3
97,3
97,3
96,3
97,3
97,3
97,3
97,3
97,3
96,3
96,3
96,3
96,3
96,3
96,3
96,3
95,3
95,3
95,3
95,3
94,3
93,3
93,3
92,3
91,3
90,3
90,3
90,3
89,3
90,3
90,3
89,3
89,3
90,3
90,3
90,3
90,3
91,3
91,3
91,3
92,3
92,3
92,3
92,3
92,3
92,3
92,3
93,3
93,3
93,3
93,3
93,3
92,3
92,3
92,3
92,3
92,3
92,3
92,3
92,3
92,3
93,3
93,3
93,3
93,3
93,3
93,3
93,3
93,3
93,3
93,3
93,3
94,3
95,3
95,3
95,3
95,3
95,3
95,3
95,3
96,3
96,3
96,3
96,3
96,3
96,3
95,3
95,3
96,3
96,3
95,3
95,3
95,3
95,3
95,3
95,3
95,3
95,3
95,3
95,3
94,3
94,3
93,3
91,3
89,3
87,3
86,3
84,3
83,3
81,3
78,3
75,3
71,3
67,3
64,3
57,3
52,2
40,2
33,2
21,1
14,1
10,1
8,1
6,1
4,1
4,1
3,1
4,1
4,1
3,1
2,1
2,1
2,1
3,1
3,1
4,1
4,1
4,1
4,1
5,1
4,1
3,1
3,1
2,1
1,1
1,1
1,1
0,1
0,1
1,1
0,1
0,1
0,1
0,1
1,1
2,1
2,1
2,1
1,1
1,1
2,1
3,1
3,1
3,1
3,1
3,1
4,1
3,1
3,1
3,1
3,1
3,1
3,1
2,1
3,1
3,1
3,1
2,1
2,1
2,1
2,1
3,1
4,1
5,1
5,1
5,1
5,1
6,1
8,1
9,1
9,1
9,1
10,1
12,1
13,1
14,1
14,1
15,1
15,1
16,1
15,1
14,1
14,1
13,1
13,1
12,1
12,1
14,1
14,1
14,1
14,1
14,1
14,1
13,1
13,1
12,1
11,1
10,1
9,1
8,1
8,1
7,1
8,1
8,1
8,1
7,1
6,1
6,1
6,1
5,1
4,1
4,1
4,1
6,1
6,1
7,1
6,1
5,1
3,1
2,1
1,1
1,1
1,1
0,1
0,1
0,1
0,1
0,1
0,1
0,1
0,1
0,1
0,1
0,1
1,1
3,1
4,1
6,1
9,1
10,1
11,1
12,1
12,1
13,1
13,1
14,1
12,1
11,1
12,1
12,1
12,1
10,1
9,1
9,1
9,1
9,1
10,1
11,1
13,1
12,1
9,1
6,1
5,1
5,1
5,1
5,1
5,1
6,1
7,1
6,1
6,1
7,1
9,1
12,1
13,1
14,1
14,1
14,1
13,1
13,1
12,1
12,1
11,1
